period,date,one,two,three,four,five,six,special,
104000024,2015-03-06,44,22,21,06,37,35,29,
104000023,2015-03-03,43,46,41,06,11,04,21,
104000022,2015-02-27,02,06,43,38,27,34,45,
104000021,2015-02-24,46,39,28,03,48,41,09,
104000020,2015-02-23,21,20,43,38,32,14,23,
104000019,2015-02-22,06,03,12,37,34,43,28,
104000018,2015-02-21,27,17,40,02,11,05,20,
104000017,2015-02-20,10,45,29,05,09,28,41,
104000016,2015-02-19,25,40,07,49,31,27,11,
104000015,2015-02-18,15,27,06,16,03,31,14,
104000014,2015-02-17,11,15,23,46,40,03,13,
104000013,2015-02-13,25,01,29,09,15,35,38,
104000012,2015-02-10,29,14,44,26,15,35,09,
104000011,2015-02-06,11,42,05,29,46,36,48,
104000010,2015-02-03,30,13,16,18,05,15,08,
104000009,2015-01-30,35,14,24,39,03,44,28,
104000008,2015-01-27,45,04,27,15,09,21,06,
104000007,2015-01-23,20,16,39,42,38,08,29,
104000006,2015-01-20,47,35,28,45,09,24,48,
104000005,2015-01-16,02,46,17,32,38,28,49,
104000004,2015-01-13,46,14,22,37,02,16,49,
104000003,2015-01-09,18,07,24,21,23,08,11,
104000002,2015-01-06,16,37,43,11,30,29,13,
104000001,2015-01-02,31,23,48,29,22,13,06,
103000108,2014-12-30,48,49,07,44,32,30,45,
103000107,2014-12-26,49,32,42,45,09,27,30,
103000106,2014-12-23,32,39,03,31,30,27,35,
103000105,2014-12-19,09,01,24,41,32,49,40,
103000104,2014-12-16,35,45,34,32,17,28,08,
103000103,2014-12-12,24,08,29,32,07,48,37,
103000102,2014-12-09,41,23,09,07,43,33,24,
103000101,2014-12-05,47,30,11,34,37,18,17,
103000100,2014-12-02,11,26,42,13,09,23,47,
103000099,2014-11-28,35,44,01,40,10,21,36,
103000098,2014-11-25,15,32,16,01,44,48,40,
103000097,2014-11-21,03,32,02,34,26,22,40,
103000096,2014-11-18,12,20,43,11,28,26,06,
103000095,2014-11-14,44,15,41,29,16,34,49,
103000094,2014-11-11,18,23,11,36,05,43,14,
103000093,2014-11-07,49,25,40,27,19,11,33,
103000092,2014-11-04,20,38,03,35,30,41,47,
103000091,2014-10-31,14,08,27,49,10,02,20,
103000090,2014-10-28,16,32,25,05,37,44,21,
103000089,2014-10-24,36,01,20,45,17,37,15,
103000088,2014-10-21,31,44,42,28,14,38,45,
103000087,2014-10-17,32,36,33,02,20,11,39,
103000086,2014-10-14,47,36,20,09,14,10,08,
103000085,2014-10-10,11,26,01,24,28,19,33,
103000084,2014-10-07,45,40,17,47,18,41,29,
103000083,2014-10-03,10,14,19,37,24,35,39,
103000082,2014-09-30,49,41,18,47,36,35,15,
103000081,2014-09-26,15,19,29,22,37,08,39,
103000080,2014-09-23,38,28,20,32,02,11,16,
103000079,2014-09-19,06,17,29,02,32,39,04,
103000078,2014-09-16,41,19,07,18,16,12,45,
103000077,2014-09-12,27,49,02,36,31,23,15,
103000076,2014-09-09,42,49,21,41,29,23,14,
103000075,2014-09-05,16,25,32,10,36,27,45,
103000074,2014-09-02,39,36,43,07,08,42,22,
103000073,2014-08-29,39,38,21,23,10,09,35,
103000072,2014-08-26,23,32,43,19,01,17,09,
103000071,2014-08-22,43,08,23,30,16,31,18,
103000070,2014-08-19,12,19,06,07,14,09,17,
103000069,2014-08-15,47,46,29,23,18,48,05,
103000068,2014-08-12,12,10,06,04,34,45,44,
103000067,2014-08-08,32,42,26,45,38,31,37,
103000066,2014-08-05,40,11,26,33,04,42,34,
103000065,2014-08-01,45,08,21,32,05,23,18,
103000064,2014-07-29,47,36,32,31,44,34,46,
103000063,2014-07-25,45,30,21,32,05,35,26,
103000062,2014-07-22,28,03,13,09,17,42,14,
103000061,2014-07-18,19,15,21,02,30,01,40,
103000060,2014-07-15,07,32,18,23,48,34,13,
103000059,2014-07-11,07,18,30,01,15,14,33,
103000058,2014-07-08,33,10,39,22,47,25,38,
103000057,2014-07-04,48,14,24,17,27,03,28,
103000056,2014-07-01,09,21,48,08,07,06,18,
103000055,2014-06-27,35,34,36,27,13,21,24,
103000054,2014-06-24,14,40,08,01,12,41,15,
103000053,2014-06-20,14,36,12,16,33,47,48,
103000052,2014-06-17,03,06,20,48,18,25,12,
103000051,2014-06-13,28,32,37,42,04,21,16,
103000050,2014-06-10,03,32,11,35,33,28,30,
103000049,2014-06-06,41,29,47,49,25,40,48,
103000048,2014-06-03,31,32,16,44,35,33,46,
103000047,2014-05-30,21,09,17,35,24,30,15,
103000046,2014-05-27,26,19,23,10,39,32,16,
103000045,2014-05-23,30,11,22,46,17,27,15,
103000044,2014-05-20,34,33,30,13,35,06,38,
103000043,2014-05-16,45,41,31,42,14,38,29,
103000042,2014-05-13,32,20,31,44,29,15,23,
103000041,2014-05-09,13,01,27,21,37,11,03,
103000040,2014-05-06,10,46,39,35,40,25,31,
103000039,2014-05-02,01,25,37,23,07,40,12,
103000038,2014-04-29,02,46,09,44,30,27,22,
103000037,2014-04-25,46,24,34,04,38,35,30,
103000036,2014-04-22,18,37,20,11,12,15,42,
103000035,2014-04-18,08,48,15,40,09,44,24,
103000034,2014-04-15,26,44,24,08,35,05,41,
103000033,2014-04-11,01,03,17,09,12,04,15,
103000032,2014-04-08,28,27,17,01,45,14,11,
103000031,2014-04-04,08,24,35,37,41,47,23,
103000030,2014-04-01,46,18,29,30,47,22,06,
103000029,2014-03-28,09,18,23,36,47,35,41,
103000028,2014-03-25,19,25,47,42,30,23,16,
103000027,2014-03-21,47,26,46,08,31,18,20,
103000026,2014-03-18,26,40,35,39,12,28,16,
103000025,2014-03-14,47,08,40,41,27,02,28,
103000024,2014-03-11,40,20,15,16,13,43,14,
103000023,2014-03-07,38,26,06,37,18,30,16,
103000022,2014-03-04,43,08,40,35,37,26,06,
103000021,2014-02-28,17,24,13,18,32,28,37,
103000020,2014-02-25,13,09,05,03,46,12,04,
103000019,2014-02-21,11,12,23,40,28,48,09,
103000018,2014-02-18,47,19,06,26,32,20,35,
103000017,2014-02-14,24,10,48,33,20,19,01,
103000016,2014-02-11,15,31,21,06,44,22,41,
103000015,2014-02-07,22,05,28,11,21,12,25,
103000014,2014-02-04,19,46,32,12,42,08,28,
103000013,2014-02-03,02,16,27,30,17,01,48,
103000012,2014-02-02,14,45,03,24,19,13,05,
103000011,2014-02-01,36,37,13,19,09,06,27,
103000010,2014-01-31,38,17,23,49,48,27,19,
103000009,2014-01-30,09,22,49,48,45,44,08,
103000008,2014-01-28,02,30,07,26,05,01,24,
103000007,2014-01-24,04,20,29,41,45,01,36,
103000006,2014-01-21,22,43,12,44,38,15,09,
103000005,2014-01-17,20,29,13,15,26,36,37,
103000004,2014-01-14,11,49,02,45,41,21,26,
103000003,2014-01-10,07,19,17,30,37,32,03,
103000002,2014-01-07,01,07,25,36,21,35,39,
103000001,2014-01-03,11,35,21,18,37,20,08,
102000108,2013-12-31,27,36,42,40,29,05,35,
102000107,2013-12-27,16,31,43,39,02,12,18,
102000106,2013-12-24,21,09,33,36,24,43,03,
102000105,2013-12-20,25,08,17,09,14,45,27,
102000104,2013-12-17,28,14,01,09,04,22,20,
102000103,2013-12-13,16,41,10,48,26,28,42,
102000102,2013-12-10,06,34,49,11,27,42,21,
102000101,2013-12-06,08,06,04,10,36,15,13,
102000100,2013-12-03,44,10,08,38,17,49,40,
102000099,2013-11-29,02,19,30,31,08,13,20,
102000098,2013-11-26,15,20,10,11,21,01,26,
102000097,2013-11-22,09,08,40,47,11,24,33,
102000096,2013-11-19,33,35,16,46,36,15,21,
102000095,2013-11-15,43,31,02,18,36,04,08,
102000094,2013-11-12,22,12,29,23,46,03,33,
102000093,2013-11-08,30,28,01,39,03,33,34,
102000092,2013-11-05,27,46,37,12,03,29,17,
102000091,2013-11-01,31,06,16,36,26,46,09,
102000090,2013-10-29,21,42,04,39,30,01,44,
102000089,2013-10-25,35,11,36,08,03,10,39,
102000088,2013-10-22,08,39,32,23,07,16,22,
102000087,2013-10-18,09,17,39,43,11,40,46,
102000086,2013-10-15,20,13,22,16,28,08,49,
102000085,2013-10-11,32,37,02,46,49,10,28,
102000084,2013-10-08,04,06,26,31,07,11,38,
102000083,2013-10-04,12,25,28,18,07,48,46,
102000082,2013-10-01,46,01,17,23,14,04,41,
102000081,2013-09-27,01,18,38,46,12,19,02,
102000080,2013-09-24,15,23,07,35,09,34,41,
102000079,2013-09-20,47,12,06,39,28,19,36,
102000078,2013-09-17,46,40,08,01,17,19,15,
102000077,2013-09-13,16,28,26,27,45,12,06,
102000076,2013-09-10,42,14,34,01,10,47,09,
102000075,2013-09-06,14,07,48,33,06,36,18,
102000074,2013-09-03,39,29,48,22,13,11,45,
102000073,2013-08-30,21,36,02,46,27,24,05,
102000072,2013-08-27,11,08,15,05,36,14,46,
102000071,2013-08-23,12,11,05,14,31,35,26,
102000070,2013-08-20,49,31,16,28,07,05,34,
102000069,2013-08-16,24,40,29,17,27,04,09,
102000068,2013-08-13,14,48,37,34,16,12,07,
102000067,2013-08-09,12,13,04,03,24,30,09,
102000066,2013-08-06,27,17,48,32,04,01,06,
102000065,2013-08-02,43,07,44,45,46,27,35,
102000064,2013-07-30,43,06,22,15,45,16,48,
102000063,2013-07-26,34,17,08,39,21,45,44,
102000062,2013-07-23,17,35,24,27,49,04,39,
102000061,2013-07-19,05,03,15,09,49,30,48,
102000060,2013-07-16,13,31,16,29,10,37,32,
102000059,2013-07-12,48,47,29,34,24,15,31,
102000058,2013-07-09,43,41,29,28,19,24,37,
102000057,2013-07-05,45,40,28,39,11,14,42,
102000056,2013-07-02,05,44,01,21,18,40,22,
102000055,2013-06-28,26,31,49,22,44,42,29,
102000054,2013-06-25,34,18,26,28,38,07,05,
102000053,2013-06-21,41,35,39,29,10,44,07,
102000052,2013-06-18,41,36,11,04,43,25,27,
102000051,2013-06-14,35,47,22,04,16,32,43,
102000050,2013-06-11,46,34,49,20,16,42,04,
102000049,2013-06-07,39,14,29,33,03,48,22,
102000048,2013-06-04,14,46,43,19,34,47,42,
102000047,2013-05-31,44,03,33,39,06,10,37,
102000046,2013-05-28,17,43,16,30,07,10,23,
102000045,2013-05-24,28,10,41,27,31,37,34,
102000044,2013-05-21,39,35,42,49,29,24,48,
102000043,2013-05-17,24,22,16,23,10,05,31,
102000042,2013-05-14,01,30,27,39,07,06,21,
102000041,2013-05-10,43,39,25,02,32,17,34,
102000040,2013-05-07,35,14,11,25,33,09,02,
102000039,2013-05-03,45,32,04,22,01,08,02,
102000038,2013-04-30,32,46,37,30,47,10,16,
102000037,2013-04-26,17,40,19,30,15,47,25,
102000036,2013-04-23,45,36,29,12,15,31,40,
102000035,2013-04-19,48,37,42,36,40,03,17,
102000034,2013-04-16,18,45,06,48,40,43,24,
102000033,2013-04-12,32,22,01,29,03,18,21,
102000032,2013-04-09,45,35,48,07,47,16,39,
102000031,2013-04-05,21,17,04,35,07,13,33,
102000030,2013-04-02,11,20,35,26,23,15,31,
102000029,2013-03-29,03,46,02,08,24,15,36,
102000028,2013-03-26,39,28,01,42,20,09,47,
102000027,2013-03-22,30,23,24,05,13,07,01,
102000026,2013-03-19,40,25,01,12,37,39,18,
102000025,2013-03-15,23,05,37,13,43,44,26,
102000024,2013-03-12,20,47,49,46,35,16,31,
102000023,2013-03-08,16,12,29,45,44,13,30,
102000022,2013-03-05,36,05,38,24,35,30,11,
102000021,2013-03-01,36,34,01,26,37,35,07,
102000020,2013-02-26,30,36,39,21,08,15,17,
102000019,2013-02-22,28,09,07,35,17,25,36,
102000018,2013-02-19,40,28,24,07,23,32,08,
102000017,2013-02-15,08,30,34,17,02,40,26,
102000016,2013-02-12,27,38,13,03,19,24,40,
102000015,2013-02-11,16,46,40,45,48,06,31,
102000014,2013-02-10,12,10,21,35,09,31,19,
102000013,2013-02-09,22,11,05,17,30,34,10,
102000012,2013-02-08,22,26,47,38,04,11,13,
102000011,2013-02-05,25,19,38,08,15,30,06,
102000010,2013-02-01,46,39,28,01,26,37,03,
102000009,2013-01-29,03,31,43,07,34,32,41,
102000008,2013-01-25,18,02,48,11,49,04,38,
102000007,2013-01-22,31,14,47,02,23,25,48,
102000006,2013-01-18,33,46,30,27,22,37,24,
102000005,2013-01-15,32,08,34,02,44,46,14,
102000004,2013-01-11,48,44,33,10,01,24,37,
102000003,2013-01-08,19,14,33,06,05,27,31,
102000002,2013-01-04,35,07,24,01,31,47,21,
102000001,2013-01-01,04,03,32,33,22,49,21,
101000104,2012-12-28,28,37,18,14,42,05,19,
101000103,2012-12-25,41,18,25,32,47,12,07,
101000102,2012-12-21,13,25,31,48,22,17,26,
101000101,2012-12-18,07,15,10,44,19,05,49,
101000100,2012-12-14,08,49,28,11,17,21,37,
101000099,2012-12-11,44,05,12,38,22,14,25,
101000098,2012-12-07,23,08,28,11,19,13,49,
101000097,2012-12-04,43,29,23,02,41,30,16,
101000096,2012-11-30,37,31,18,26,43,05,08,
101000095,2012-11-27,31,13,09,18,19,05,32,
101000094,2012-11-23,04,03,46,18,14,02,25,
101000093,2012-11-20,23,24,27,06,34,20,16,
101000092,2012-11-16,42,33,32,18,17,41,12,
101000091,2012-11-13,02,11,22,31,25,14,26,
101000090,2012-11-09,37,31,45,38,09,25,21,
101000089,2012-11-06,08,47,13,42,48,41,29,
101000088,2012-11-02,24,38,36,04,37,18,31,
101000087,2012-10-30,20,25,14,36,46,10,02,
101000086,2012-10-26,20,41,32,17,28,01,13,
101000085,2012-10-23,46,25,20,02,19,07,43,
101000084,2012-10-19,39,45,25,13,49,27,11,
101000083,2012-10-16,35,03,28,45,02,44,36,
101000082,2012-10-12,11,48,43,05,30,12,15,
101000081,2012-10-09,30,08,41,18,31,15,45,
101000080,2012-10-05,18,09,44,17,33,47,08,
101000079,2012-10-02,07,01,28,03,09,40,45,
101000078,2012-09-28,42,22,06,47,41,04,18,
101000077,2012-09-25,35,19,49,18,45,34,16,
101000076,2012-09-21,29,37,42,36,22,30,09,
101000075,2012-09-18,48,39,12,13,18,44,35,
101000074,2012-09-14,32,33,20,37,38,31,39,
101000073,2012-09-11,21,03,31,30,48,04,15,
101000072,2012-09-07,19,44,07,17,24,30,31,
101000071,2012-09-04,32,48,36,40,10,21,09,
101000070,2012-08-31,28,36,45,34,31,18,42,
101000069,2012-08-28,06,30,38,03,41,01,46,
101000068,2012-08-24,35,43,07,42,34,47,29,
101000067,2012-08-21,29,40,46,44,47,06,33,
101000066,2012-08-17,43,38,39,48,47,07,29,
101000065,2012-08-14,19,27,02,38,31,49,32,
101000064,2012-08-10,01,24,26,14,03,45,38,
101000063,2012-08-07,12,29,28,43,47,23,26,
101000062,2012-08-03,14,44,27,13,18,29,21,
101000061,2012-07-31,24,33,44,28,01,43,31,
101000060,2012-07-27,22,05,27,07,34,09,45,
101000059,2012-07-24,24,11,39,05,21,37,13,
101000058,2012-07-20,41,11,44,34,22,14,27,
101000057,2012-07-17,25,30,37,19,17,22,31,
101000056,2012-07-13,46,15,28,08,35,41,11,
101000055,2012-07-10,16,41,03,26,31,28,45,
101000054,2012-07-06,18,31,04,11,27,19,24,
101000053,2012-07-03,49,41,34,11,18,21,47,
101000052,2012-06-29,09,30,36,11,39,45,26,
101000051,2012-06-26,01,07,16,41,06,12,49,
101000050,2012-06-22,28,36,24,06,44,38,08,
101000049,2012-06-19,26,05,19,01,46,17,47,
101000048,2012-06-15,47,23,15,09,38,49,36,
101000047,2012-06-12,29,21,40,35,03,33,45,
101000046,2012-06-08,01,09,24,45,46,49,12,
101000045,2012-06-05,11,49,16,40,13,35,39,
101000044,2012-06-01,04,44,39,34,18,31,49,
101000043,2012-05-29,49,46,38,05,22,43,13,
101000042,2012-05-25,01,22,33,40,26,17,11,
101000041,2012-05-22,13,01,28,18,08,49,06,
101000040,2012-05-18,13,31,23,46,25,39,41,
101000039,2012-05-15,44,35,30,49,47,01,46,
101000038,2012-05-11,37,30,33,22,10,29,27,
101000037,2012-05-08,06,29,23,30,25,24,47,
101000036,2012-05-04,17,31,23,39,04,11,14,
101000035,2012-05-01,07,43,21,22,05,31,04,
101000034,2012-04-27,35,40,45,22,13,24,37,
101000033,2012-04-24,39,47,09,21,19,14,11,
101000032,2012-04-20,48,25,44,03,02,45,31,
101000031,2012-04-17,23,26,43,31,19,25,10,
101000030,2012-04-13,20,09,35,04,01,25,43,
101000029,2012-04-10,33,06,31,42,27,19,13,
101000028,2012-04-06,36,04,37,05,40,14,25,
101000027,2012-04-03,44,23,47,08,39,22,36,
101000026,2012-03-30,21,38,28,01,20,36,30,
101000025,2012-03-27,27,29,28,16,23,18,19,
101000024,2012-03-23,36,31,43,37,44,22,11,
101000023,2012-03-20,13,07,05,26,46,04,24,
101000022,2012-03-16,27,26,43,28,30,31,08,
101000021,2012-03-13,06,47,24,48,49,46,40,
101000020,2012-03-09,45,21,48,41,44,10,32,
101000019,2012-03-06,25,20,02,05,17,48,14,
101000018,2012-03-02,15,06,45,31,02,21,24,
101000017,2012-02-28,30,47,36,43,02,32,49,
101000016,2012-02-24,17,43,02,15,06,13,04,
101000015,2012-02-21,42,32,39,46,21,02,19,
101000014,2012-02-17,15,30,26,38,44,14,19,
101000013,2012-02-14,21,45,02,11,33,19,40,
101000012,2012-02-10,43,16,41,29,19,05,37,
101000011,2012-02-07,33,41,27,07,22,39,13,
101000010,2012-02-03,08,34,32,05,20,35,17,
101000009,2012-01-31,11,19,15,33,14,01,42,
101000008,2012-01-27,40,20,34,21,22,03,44,
101000007,2012-01-24,29,21,44,08,38,45,20,
101000006,2012-01-20,22,44,30,39,10,12,09,
101000005,2012-01-17,22,04,42,46,10,35,32,
101000004,2012-01-13,48,36,46,22,42,43,21,
101000003,2012-01-10,03,21,47,27,23,45,40,
101000002,2012-01-06,14,41,23,10,35,46,19,
101000001,2012-01-03,34,09,26,19,38,40,37,
100000104,2011-12-30,15,28,37,13,12,30,03,
100000103,2011-12-27,01,08,30,23,32,24,14,
100000102,2011-12-23,40,17,27,31,06,48,28,
100000101,2011-12-20,26,07,34,09,05,27,08,
100000100,2011-12-16,41,31,10,36,44,35,34,
100000099,2011-12-13,48,23,36,02,30,44,24,
100000098,2011-12-09,37,38,40,45,39,10,18,
100000097,2011-12-06,38,14,18,03,13,22,06,
100000096,2011-12-02,23,39,45,31,37,27,06,
100000095,2011-11-29,07,01,35,36,11,14,10,
100000094,2011-11-25,10,43,30,08,36,27,48,
100000093,2011-11-22,40,37,46,41,21,16,27,
100000092,2011-11-18,12,11,16,10,45,15,19,
100000091,2011-11-15,46,21,42,35,12,19,40,
100000090,2011-11-11,36,29,20,19,04,32,30,
100000089,2011-11-08,02,40,39,11,35,22,36,
100000088,2011-11-04,21,14,08,07,02,38,11,
100000087,2011-11-01,21,04,07,29,13,14,22,
100000086,2011-10-28,24,05,33,36,27,15,01,
100000085,2011-10-25,02,05,33,28,44,24,04,
100000084,2011-10-21,20,35,33,43,41,34,04,
100000083,2011-10-18,46,19,44,32,08,04,21,
100000082,2011-10-14,07,26,23,39,08,21,28,
100000081,2011-10-11,06,34,18,43,02,33,28,
100000080,2011-10-07,01,30,16,06,13,33,03,
100000079,2011-10-04,08,49,29,26,15,02,03,
100000078,2011-09-30,10,44,11,34,48,24,31,
100000077,2011-09-27,09,42,23,03,26,31,41,
100000076,2011-09-23,27,23,16,14,44,28,40,
100000075,2011-09-20,28,25,27,34,02,37,42,
100000074,2011-09-16,48,28,23,36,30,15,45,
100000073,2011-09-13,11,48,02,41,08,38,18,
100000072,2011-09-09,12,08,15,36,01,47,10,
100000071,2011-09-06,41,29,38,23,09,02,08,
100000070,2011-09-02,30,05,35,22,24,02,42,
100000069,2011-08-30,48,26,36,37,10,12,34,
100000068,2011-08-26,10,31,45,33,32,43,30,
100000067,2011-08-23,42,29,23,32,05,36,14,
100000066,2011-08-19,32,41,18,30,13,48,45,
100000065,2011-08-16,43,42,26,38,30,37,32,
100000064,2011-08-12,12,22,45,02,40,14,04,
100000063,2011-08-09,49,25,27,33,38,40,12,
100000062,2011-08-05,03,28,25,49,24,20,30,
100000061,2011-08-02,27,17,45,24,42,28,31,
100000060,2011-07-29,19,38,46,28,06,37,42,
100000059,2011-07-26,02,08,29,36,35,13,14,
100000058,2011-07-22,08,22,06,04,05,38,42,
100000057,2011-07-19,17,37,20,47,49,02,36,
100000056,2011-07-15,43,49,23,30,27,17,31,
100000055,2011-07-12,24,41,08,31,35,37,19,
100000054,2011-07-08,43,37,47,16,18,35,07,
100000053,2011-07-05,15,02,28,01,32,18,26,
100000052,2011-07-01,09,49,23,44,31,25,02,
100000051,2011-06-28,33,27,13,11,15,23,04,
100000050,2011-06-24,38,11,27,21,19,39,24,
100000049,2011-06-21,46,10,01,13,40,42,41,
100000048,2011-06-17,01,02,31,19,47,48,36,
100000047,2011-06-14,33,21,31,17,48,05,25,
100000046,2011-06-10,29,06,37,10,41,19,09,
100000045,2011-06-07,39,03,31,22,27,08,14,
100000044,2011-06-03,12,08,15,13,46,35,30,
100000043,2011-05-31,43,32,38,05,09,15,12,
100000042,2011-05-27,48,10,43,05,32,24,04,
100000041,2011-05-24,24,16,25,19,01,26,21,
100000040,2011-05-20,42,33,34,02,47,44,10,
100000039,2011-05-17,01,03,48,11,26,15,28,
100000038,2011-05-13,19,29,42,36,16,21,10,
100000037,2011-05-10,25,38,05,12,42,35,28,
100000036,2011-05-06,22,24,36,44,23,06,03,
100000035,2011-05-03,18,15,24,28,10,43,35,
100000034,2011-04-29,17,07,22,23,01,16,19,
100000033,2011-04-26,37,41,39,40,45,20,08,
100000032,2011-04-22,46,26,22,04,36,21,41,
100000031,2011-04-19,22,35,37,41,46,47,24,
100000030,2011-04-15,47,37,42,28,38,15,33,
100000029,2011-04-12,24,06,29,33,04,14,45,
100000028,2011-04-08,09,38,10,23,37,29,44,
100000027,2011-04-05,20,29,24,28,08,10,32,
100000026,2011-04-01,32,35,30,20,14,43,33,
100000025,2011-03-29,10,18,12,22,04,40,24,
100000024,2011-03-25,43,48,18,39,01,35,02,
100000023,2011-03-22,20,24,47,36,06,08,27,
100000022,2011-03-18,03,15,37,30,23,36,28,
100000021,2011-03-15,41,19,28,30,29,04,10,
100000020,2011-03-11,11,42,13,21,22,05,25,
100000019,2011-03-08,47,25,24,06,01,32,38,
100000018,2011-03-04,23,27,22,16,12,18,41,
100000017,2011-03-01,03,14,27,08,48,31,23,
100000016,2011-02-25,02,28,44,36,20,03,21,
100000015,2011-02-22,32,35,20,15,13,39,11,
100000014,2011-02-18,20,23,38,37,14,26,33,
100000013,2011-02-15,09,15,24,35,33,12,18,
100000012,2011-02-11,36,03,45,34,07,04,24,
100000011,2011-02-08,31,39,05,06,23,41,16,
100000010,2011-02-04,10,49,47,42,41,33,03,
100000009,2011-02-01,06,17,25,42,40,01,15,
100000008,2011-01-28,18,03,42,24,13,04,47,
100000007,2011-01-25,12,39,21,31,13,17,20,
100000006,2011-01-21,39,32,43,36,37,02,03,
100000005,2011-01-18,15,40,42,38,47,46,17,
100000004,2011-01-14,20,32,39,16,17,45,46,
100000003,2011-01-11,07,12,20,11,14,10,41,
100000002,2011-01-07,34,35,13,47,11,49,20,
100000001,2011-01-04,19,14,37,23,47,35,42,
099000105,2010-12-31,09,04,39,38,27,36,02,
099000104,2010-12-28,36,13,17,02,27,31,18,
099000103,2010-12-24,48,27,16,49,43,39,01,
099000102,2010-12-21,23,38,12,35,45,01,26,
099000101,2010-12-17,41,09,30,35,28,25,12,
099000100,2010-12-14,15,41,16,20,32,17,08,
099000099,2010-12-10,17,22,26,33,29,01,03,
099000098,2010-12-07,30,37,38,49,21,22,34,
099000097,2010-12-03,38,23,17,48,33,43,19,
099000096,2010-11-30,07,24,08,36,34,38,16,
099000095,2010-11-26,22,23,44,35,18,49,26,
099000094,2010-11-23,02,26,03,32,48,30,41,
099000093,2010-11-19,43,03,40,45,44,06,41,
099000092,2010-11-16,02,10,07,12,43,15,22,
099000091,2010-11-12,39,10,37,03,23,36,15,
099000090,2010-11-09,21,31,30,05,36,07,49,
099000089,2010-11-05,47,28,16,05,08,13,46,
099000088,2010-11-02,05,34,36,39,04,21,28,
099000087,2010-10-29,27,19,13,04,28,26,33,
099000086,2010-10-26,03,43,22,35,14,44,26,
099000085,2010-10-22,01,18,49,13,04,08,03,
099000084,2010-10-19,36,12,21,35,27,37,08,
099000083,2010-10-15,46,28,30,01,20,11,10,
099000082,2010-10-12,31,08,09,20,10,40,25,
099000081,2010-10-08,39,48,14,41,11,03,06,
099000080,2010-10-05,14,16,32,21,43,35,49,
099000079,2010-10-01,23,37,12,38,48,08,20,
099000078,2010-09-28,03,04,32,19,22,40,11,
099000077,2010-09-24,36,08,02,29,42,44,22,
099000076,2010-09-21,01,22,45,39,35,38,08,
099000075,2010-09-17,24,35,12,39,13,34,14,
099000074,2010-09-14,19,44,26,02,01,22,03,
099000073,2010-09-10,41,10,18,42,14,49,24,
099000072,2010-09-07,04,08,43,16,03,41,22,
099000071,2010-09-03,05,07,38,47,18,20,37,
099000070,2010-08-31,04,20,07,31,43,23,47,
099000069,2010-08-27,27,14,47,30,42,08,29,
099000068,2010-08-24,06,45,47,30,08,48,29,
099000067,2010-08-20,08,28,21,44,38,33,27,
099000066,2010-08-17,06,18,19,14,20,42,09,
099000065,2010-08-13,36,02,22,30,48,13,09,
099000064,2010-08-10,24,25,40,28,03,38,11,
099000063,2010-08-06,19,47,22,28,10,21,39,
099000062,2010-08-03,03,25,49,15,13,29,09,
099000061,2010-07-30,14,11,08,36,12,23,45,
099000060,2010-07-27,38,33,44,49,15,03,30,
099000059,2010-07-23,43,49,42,15,08,22,07,
099000058,2010-07-20,23,29,05,43,27,22,47,
099000057,2010-07-16,17,16,32,20,18,45,09,
099000056,2010-07-13,02,31,34,05,08,15,12,
099000055,2010-07-09,24,35,32,11,25,33,23,
099000054,2010-07-06,05,21,48,43,25,11,31,
099000053,2010-07-02,23,32,45,07,20,10,17,
099000052,2010-06-29,01,04,11,48,20,18,05,
099000051,2010-06-25,47,11,27,24,46,39,20,
099000050,2010-06-22,15,09,36,26,42,28,40,
099000049,2010-06-18,48,26,02,05,15,20,08,
099000048,2010-06-15,27,02,04,20,17,44,24,
099000047,2010-06-11,42,43,20,21,27,01,26,
099000046,2010-06-08,46,40,42,24,08,25,10,
099000045,2010-06-04,39,27,28,15,11,37,04,
099000044,2010-06-01,02,40,05,15,35,28,01,
099000043,2010-05-28,20,43,19,03,26,18,10,
099000042,2010-05-25,01,30,43,32,20,34,03,
099000041,2010-05-21,44,12,27,16,47,04,39,
099000040,2010-05-18,33,03,06,27,14,28,05,
099000039,2010-05-14,16,28,47,06,21,03,18,
099000038,2010-05-11,42,45,11,13,33,29,02,
099000037,2010-05-07,38,23,49,28,19,32,20,
099000036,2010-05-04,15,35,04,32,34,23,18,
099000035,2010-04-30,44,35,37,39,08,36,20,
099000034,2010-04-27,34,35,12,48,14,16,43,
099000033,2010-04-23,47,45,04,30,03,49,27,
099000032,2010-04-20,07,41,23,32,02,21,42,
099000031,2010-04-16,34,31,01,24,40,30,43,
099000030,2010-04-13,14,49,46,34,42,12,25,
099000029,2010-04-09,49,36,40,04,05,29,26,
099000028,2010-04-06,09,23,31,28,27,41,44,
099000027,2010-04-02,48,06,21,41,01,16,12,
099000026,2010-03-30,16,46,47,49,37,41,14,
099000025,2010-03-26,36,17,19,09,23,35,34,
099000024,2010-03-23,37,22,35,48,11,28,49,
099000023,2010-03-19,08,22,49,18,05,29,47,
099000022,2010-03-16,26,36,39,46,37,41,04,
099000021,2010-03-12,38,31,35,18,23,19,22,
099000020,2010-03-09,12,36,16,07,14,05,04,
099000019,2010-03-05,22,35,38,21,03,15,04,
099000018,2010-03-02,34,38,02,33,03,09,45,
099000017,2010-02-26,22,06,47,32,05,34,01,
099000016,2010-02-23,45,19,05,40,48,23,06,
099000015,2010-02-19,27,43,14,30,12,37,36,
099000014,2010-02-16,49,29,26,43,36,05,12,
099000013,2010-02-12,32,01,23,40,14,31,35,
099000012,2010-02-09,32,09,13,35,45,34,38,
099000011,2010-02-05,36,01,19,05,33,14,16,
099000010,2010-02-02,27,15,21,09,41,18,46,
099000009,2010-01-29,34,18,16,49,29,44,08,
099000008,2010-01-26,26,39,40,33,28,25,10,
099000007,2010-01-22,03,23,24,31,32,46,47,
099000006,2010-01-19,32,35,25,45,24,13,05,
099000005,2010-01-15,47,04,49,07,26,41,03,
099000004,2010-01-12,36,01,48,23,46,34,18,
099000003,2010-01-08,01,43,21,45,19,08,30,
099000002,2010-01-05,32,38,11,24,18,40,47,
099000001,2010-01-01,22,20,23,02,16,27,46,
098000104,2009-12-29,48,21,25,12,42,29,06,
098000103,2009-12-25,09,22,42,12,47,30,27,
098000102,2009-12-22,10,11,24,27,14,47,32,
098000101,2009-12-18,16,32,45,43,03,42,06,
098000100,2009-12-15,43,48,38,44,35,04,37,
098000099,2009-12-11,36,12,48,20,29,15,31,
098000098,2009-12-08,19,04,32,16,39,27,21,
098000097,2009-12-04,13,02,03,22,19,39,21,
098000096,2009-12-01,27,11,23,29,49,38,40,
098000095,2009-11-27,05,19,15,26,06,01,14,
098000094,2009-11-24,13,40,23,27,02,07,04,
098000093,2009-11-20,31,13,26,15,05,20,35,
098000092,2009-11-17,10,34,01,08,49,04,46,
098000091,2009-11-13,47,33,13,32,38,25,26,
098000090,2009-11-10,02,25,42,07,22,26,44,
098000089,2009-11-06,46,45,10,01,02,44,22,
098000088,2009-11-03,13,34,05,26,29,20,30,
098000087,2009-10-30,37,08,04,20,39,12,30,
098000086,2009-10-27,02,46,28,42,12,32,23,
098000085,2009-10-23,06,34,19,18,21,05,10,
098000084,2009-10-20,11,14,46,01,12,41,45,
098000083,2009-10-16,43,15,30,13,20,29,01,
098000082,2009-10-13,49,40,44,28,05,13,43,
098000081,2009-10-09,14,10,33,17,41,40,12,
098000080,2009-10-06,33,26,14,22,09,15,16,
098000079,2009-10-02,09,25,15,30,35,28,22,
098000078,2009-09-29,27,32,17,47,37,45,25,
098000077,2009-09-25,09,37,13,01,33,16,04,
098000076,2009-09-22,21,08,12,03,42,04,48,
098000075,2009-09-18,38,02,08,09,04,26,23,
098000074,2009-09-15,36,02,04,43,48,26,30,
098000073,2009-09-11,33,48,16,18,31,10,07,
098000072,2009-09-08,12,15,19,08,11,20,34,
098000071,2009-09-04,40,05,49,31,28,36,20,
098000070,2009-09-01,26,08,19,36,12,07,09,
098000069,2009-08-28,39,23,45,44,12,48,47,
098000068,2009-08-25,38,09,01,07,21,15,31,
098000067,2009-08-21,42,32,37,11,13,43,20,
098000066,2009-08-18,18,47,31,11,46,12,27,
098000065,2009-08-14,39,08,04,26,15,49,34,
098000064,2009-08-11,24,46,27,03,30,28,42,
098000063,2009-08-07,26,02,31,15,01,49,43,
098000062,2009-08-04,23,21,27,48,44,02,30,
098000061,2009-07-31,07,04,10,09,24,42,41,
098000060,2009-07-28,02,49,13,15,25,10,04,
098000059,2009-07-24,40,01,07,22,47,03,15,
098000058,2009-07-21,39,28,48,17,27,05,44,
098000057,2009-07-17,11,13,38,16,09,42,06,
098000056,2009-07-14,41,37,44,04,15,05,08,
098000055,2009-07-10,08,46,03,21,30,26,11,
098000054,2009-07-07,47,31,25,39,37,02,35,
098000053,2009-07-03,40,41,19,47,17,32,37,
098000052,2009-06-30,34,26,07,04,09,21,28,
098000051,2009-06-26,38,06,12,43,45,33,49,
098000050,2009-06-23,49,43,22,21,06,29,48,
098000049,2009-06-19,40,23,02,12,42,19,09,
098000048,2009-06-16,08,05,25,30,10,03,15,
098000047,2009-06-12,44,43,12,41,32,13,21,
098000046,2009-06-09,26,44,49,36,35,27,42,
098000045,2009-06-05,06,27,44,42,49,23,15,
098000044,2009-06-02,46,11,34,12,20,28,41,
098000043,2009-05-29,45,36,21,29,34,30,49,
098000042,2009-05-26,39,08,48,41,03,33,32,
098000041,2009-05-22,18,01,32,02,40,16,15,
098000040,2009-05-19,38,46,32,11,31,48,42,
098000039,2009-05-15,07,18,05,15,45,14,11,
098000038,2009-05-12,44,20,39,03,01,26,30,
098000037,2009-05-08,03,22,19,24,31,15,05,
098000036,2009-05-05,45,37,12,15,42,47,29,
098000035,2009-05-01,05,38,21,43,03,26,32,
098000034,2009-04-28,18,05,39,30,43,29,26,
098000033,2009-04-24,24,20,49,42,13,21,43,
098000032,2009-04-21,16,36,11,27,39,23,35,
098000031,2009-04-17,24,38,21,18,22,16,34,
098000030,2009-04-14,45,23,08,48,02,20,43,
098000029,2009-04-10,25,36,40,44,08,09,17,
098000028,2009-04-07,43,46,24,12,31,03,42,
098000027,2009-04-03,36,33,44,06,42,45,48,
098000026,2009-03-31,25,16,47,31,23,13,36,
098000025,2009-03-27,01,28,18,34,40,02,25,
098000024,2009-03-24,18,29,21,25,07,02,32,
098000023,2009-03-20,31,18,07,11,02,09,05,
098000022,2009-03-17,35,05,23,18,29,01,27,
098000021,2009-03-13,47,24,46,45,32,09,33,
098000020,2009-03-10,13,38,28,36,09,26,46,
098000019,2009-03-06,13,26,31,32,21,06,30,
098000018,2009-03-03,45,26,07,28,34,14,09,
098000017,2009-02-27,34,17,26,19,36,13,02,
098000016,2009-02-24,04,25,38,23,11,46,17,
098000015,2009-02-20,01,40,13,49,34,24,37,
098000014,2009-02-17,43,22,36,21,16,05,28,
098000013,2009-02-13,03,24,02,42,45,07,10,
098000012,2009-02-10,18,48,12,46,09,30,42,
098000011,2009-02-06,10,32,07,21,27,04,37,
098000010,2009-02-03,14,43,03,42,23,10,34,
098000009,2009-01-30,10,05,41,39,02,23,48,
098000008,2009-01-27,32,13,27,35,38,14,48,
098000007,2009-01-23,10,28,11,40,38,21,29,
098000006,2009-01-20,40,23,22,07,21,43,34,
098000005,2009-01-16,08,40,24,26,33,25,13,
098000004,2009-01-13,18,48,47,04,11,33,30,
098000003,2009-01-09,37,30,45,27,04,15,19,
098000002,2009-01-06,21,20,15,29,33,04,16,
098000001,2009-01-02,26,38,06,02,35,23,11,
097000105,2008-12-30,25,09,39,26,36,03,35,
097000104,2008-12-26,40,18,37,08,33,15,32,
097000103,2008-12-23,23,45,02,25,07,39,22,
097000102,2008-12-19,10,30,15,38,45,03,41,
097000101,2008-12-16,35,40,25,26,39,14,37,
097000100,2008-12-12,34,28,42,39,02,36,24,
097000099,2008-12-09,26,16,41,06,01,05,48,
097000098,2008-12-05,02,08,44,40,03,31,45,
097000097,2008-12-02,21,07,37,30,49,29,36,
097000096,2008-11-28,05,01,17,07,16,41,20,
097000095,2008-11-25,15,39,46,49,04,26,11,
097000094,2008-11-21,37,17,16,30,28,21,09,
097000093,2008-11-18,34,39,17,29,14,20,07,
097000092,2008-11-14,36,07,23,43,35,15,08,
097000091,2008-11-11,45,39,11,33,13,34,15,
097000090,2008-11-07,33,25,40,15,30,46,18,
097000089,2008-11-04,40,32,19,11,20,13,09,
097000088,2008-10-31,09,01,47,11,19,03,40,
097000087,2008-10-28,12,14,02,36,41,07,35,
097000086,2008-10-24,49,14,06,09,05,08,03,
097000085,2008-10-21,04,30,07,08,02,18,33,
097000084,2008-10-17,05,36,28,11,15,19,46,
097000083,2008-10-14,28,46,30,08,44,43,12,
097000082,2008-10-10,13,24,14,41,20,47,06,
097000081,2008-10-07,33,01,34,20,29,28,40,
097000080,2008-10-03,18,41,48,19,37,45,09,
097000079,2008-09-30,22,09,13,01,07,27,34,
097000078,2008-09-26,42,30,15,41,29,36,39,
097000077,2008-09-23,20,22,29,35,02,09,38,
097000076,2008-09-19,23,02,13,48,28,35,18,
097000075,2008-09-16,02,31,44,32,46,25,07,
097000074,2008-09-12,34,37,16,09,18,01,12,
097000073,2008-09-09,46,23,28,10,35,27,02,
097000072,2008-09-05,02,32,33,22,14,03,24,
097000071,2008-09-02,03,34,25,21,10,02,47,
097000070,2008-08-29,28,24,02,25,26,46,49,
097000069,2008-08-26,23,18,24,02,04,06,32,
097000068,2008-08-22,04,37,08,26,31,05,10,
097000067,2008-08-19,39,43,16,02,25,35,26,
097000066,2008-08-15,23,08,24,43,14,44,04,
097000065,2008-08-12,43,16,24,33,22,49,45,
097000064,2008-08-08,35,16,08,33,49,20,24,
097000063,2008-08-05,29,10,41,44,05,45,06,
097000062,2008-08-01,37,38,07,22,18,11,30,
097000061,2008-07-29,41,39,43,45,16,42,14,
097000060,2008-07-25,19,25,29,07,43,35,01,
097000059,2008-07-22,01,29,30,33,25,17,47,
097000058,2008-07-18,38,09,04,15,06,20,27,
097000057,2008-07-15,06,16,21,45,37,36,40,
097000056,2008-07-11,34,07,21,23,22,36,11,
097000055,2008-07-08,32,33,14,36,23,42,03,
097000054,2008-07-04,21,10,43,49,06,17,33,
097000053,2008-07-01,48,15,43,35,24,20,09,
097000052,2008-06-27,41,38,02,09,10,01,31,
097000051,2008-06-24,08,20,02,43,33,07,04,
097000050,2008-06-20,24,28,03,39,20,21,23,
097000049,2008-06-17,41,32,15,40,07,01,09,
097000048,2008-06-13,08,39,31,20,07,21,06,
097000047,2008-06-10,22,19,39,14,20,34,37,
097000046,2008-06-06,22,31,20,42,01,40,38,
097000045,2008-06-03,31,01,27,20,29,24,04,
097000044,2008-05-30,42,12,08,20,32,11,30,
097000043,2008-05-27,04,15,49,24,41,07,30,
097000042,2008-05-23,11,37,44,29,02,10,13,
097000041,2008-05-20,45,17,08,47,14,42,39,
097000040,2008-05-16,22,07,26,03,21,40,41,
097000039,2008-05-13,41,31,37,38,11,47,18,
097000038,2008-05-09,15,43,36,23,48,17,21,
097000037,2008-05-06,09,23,46,10,15,48,38,
097000036,2008-05-02,14,45,13,33,11,39,41,
097000035,2008-04-29,42,11,02,35,03,32,18,
097000034,2008-04-25,45,15,48,20,47,04,34,
097000033,2008-04-22,49,36,10,15,44,31,07,
097000032,2008-04-18,35,43,13,38,04,25,30,
097000031,2008-04-15,43,47,32,33,13,20,28,
097000030,2008-04-11,25,23,06,42,28,05,43,
097000029,2008-04-08,29,32,23,39,37,11,31,
097000028,2008-04-04,28,23,44,38,13,30,26,
097000027,2008-04-01,32,25,08,33,24,16,12,
097000026,2008-03-28,19,26,08,09,01,12,49,
097000025,2008-03-25,33,03,13,05,02,49,10,
097000024,2008-03-21,11,49,27,32,34,14,28,
097000023,2008-03-18,38,09,27,01,33,49,31,
097000022,2008-03-14,44,34,21,30,03,49,13,
097000021,2008-03-11,44,30,07,08,21,36,04,
097000020,2008-03-07,28,40,41,25,12,42,29,
097000019,2008-03-04,25,38,22,01,47,15,16,
097000018,2008-02-29,07,01,09,10,18,27,43,
097000017,2008-02-26,40,06,33,37,47,16,28,
097000016,2008-02-22,43,30,12,07,03,01,22,
097000015,2008-02-19,26,22,31,16,39,43,09,
097000014,2008-02-15,31,01,42,41,46,22,36,
097000013,2008-02-12,12,05,27,25,22,19,29,
097000012,2008-02-08,07,15,03,06,01,27,39,
097000011,2008-02-05,33,29,42,35,30,17,10,
097000010,2008-02-01,02,06,20,38,01,18,29,
097000009,2008-01-29,49,42,21,38,34,41,25,
097000008,2008-01-25,20,01,15,24,04,40,32,
097000007,2008-01-22,37,26,14,13,09,30,05,
097000006,2008-01-18,06,18,36,25,08,26,13,
097000005,2008-01-15,41,31,05,08,32,10,11,
097000004,2008-01-11,27,08,37,03,49,07,48,
097000003,2008-01-08,17,28,44,12,07,03,36,
097000002,2008-01-04,13,05,40,31,29,39,33,
097000001,2008-01-01,48,18,13,27,43,47,21,
096000104,2007-12-28,12,18,10,22,16,29,30,
096000103,2007-12-25,31,09,37,05,18,06,32,
096000102,2007-12-21,20,28,15,22,19,44,42,
096000101,2007-12-18,13,07,04,19,49,23,17,
096000100,2007-12-14,34,01,17,27,26,39,13,
096000099,2007-12-11,10,43,27,16,20,15,19,
096000098,2007-12-07,08,17,28,32,34,10,42,
096000097,2007-12-04,01,43,16,38,44,31,42,
096000096,2007-11-30,15,08,19,45,16,30,44,
096000095,2007-11-27,08,47,12,36,34,16,33,
096000094,2007-11-23,43,46,01,49,23,22,33,
096000093,2007-11-20,01,22,20,16,17,42,29,
096000092,2007-11-16,16,39,42,20,46,22,38,
096000091,2007-11-13,37,16,17,05,03,32,24,
096000090,2007-11-09,24,12,06,01,02,18,25,
096000089,2007-11-06,43,44,10,01,27,40,02,
096000088,2007-11-02,48,10,04,44,28,45,39,
096000087,2007-10-30,04,09,01,41,19,17,07,
096000086,2007-10-26,36,21,13,03,11,16,26,
096000085,2007-10-23,49,25,29,10,47,34,17,
096000084,2007-10-19,36,15,28,17,46,22,24,
096000083,2007-10-16,38,07,18,40,11,05,31,
096000082,2007-10-12,09,28,26,37,20,23,44,
096000081,2007-10-09,40,36,47,09,38,46,13,
096000080,2007-10-05,19,48,26,29,10,03,18,
096000079,2007-10-02,49,03,04,09,24,08,23,
096000078,2007-09-28,16,19,08,30,09,17,45,
096000077,2007-09-25,08,42,38,28,10,12,33,
096000076,2007-09-21,39,16,24,35,31,01,21,
096000075,2007-09-18,20,46,29,37,31,25,49,
096000074,2007-09-14,45,22,27,15,02,48,32,
096000073,2007-09-11,28,18,14,03,22,36,47,
096000072,2007-09-07,22,05,49,32,42,03,28,
096000071,2007-09-04,21,17,42,48,09,18,07,
096000070,2007-08-31,35,31,23,44,40,41,21,
096000069,2007-08-28,22,29,39,02,11,34,45,
096000068,2007-08-24,47,04,25,07,12,06,09,
096000067,2007-08-21,46,24,42,16,38,25,06,
096000066,2007-08-17,43,35,31,02,12,47,40,
096000065,2007-08-14,38,26,02,25,12,05,06,
096000064,2007-08-10,35,11,40,29,22,27,48,
096000063,2007-08-07,05,01,35,18,25,41,14,
096000062,2007-08-03,02,15,12,40,27,38,35,
096000061,2007-07-31,39,01,06,41,07,25,05,
096000060,2007-07-27,21,39,13,42,46,32,36,
096000059,2007-07-24,31,01,12,22,29,07,04,
096000058,2007-07-20,10,05,02,23,25,19,11,
096000057,2007-07-17,29,49,15,48,39,37,46,
096000056,2007-07-13,10,34,35,13,05,18,15,
096000055,2007-07-10,34,44,40,45,29,02,01,
096000054,2007-07-06,36,23,48,12,09,44,26,
096000053,2007-07-03,09,49,24,01,05,21,35,
096000052,2007-06-29,09,26,29,44,23,28,31,
096000051,2007-06-26,37,43,38,18,24,47,02,
096000050,2007-06-22,13,35,42,39,32,41,01,
096000049,2007-06-19,20,41,28,43,33,45,10,
096000048,2007-06-15,17,46,36,34,28,11,26,
096000047,2007-06-12,05,38,39,03,20,44,43,
096000046,2007-06-08,46,26,28,02,01,11,16,
096000045,2007-06-05,47,25,23,36,16,01,21,
096000044,2007-06-01,11,43,34,25,07,08,16,
096000043,2007-05-29,10,45,43,48,15,18,11,
096000042,2007-05-25,13,25,11,36,02,34,38,
096000041,2007-05-22,41,48,01,30,18,32,24,
096000040,2007-05-18,41,27,43,11,12,46,36,
096000039,2007-05-15,35,31,48,47,40,13,39,
096000038,2007-05-11,29,26,10,13,47,21,49,
096000037,2007-05-08,27,01,46,41,28,16,38,
096000036,2007-05-04,06,38,40,22,44,34,15,
096000035,2007-05-01,24,28,49,34,45,21,46,
096000034,2007-04-27,42,32,10,38,09,29,37,
096000033,2007-04-24,40,38,08,20,25,22,41,
096000032,2007-04-20,49,09,15,44,19,16,37,
096000031,2007-04-17,45,48,31,08,44,40,06,
096000030,2007-04-13,23,31,15,05,33,28,49,
096000029,2007-04-10,20,06,42,02,47,04,39,
096000028,2007-04-06,18,22,37,34,35,10,41,
096000027,2007-04-03,39,49,45,04,10,43,33,
096000026,2007-03-30,14,45,46,40,33,31,49,
096000025,2007-03-27,39,11,21,42,43,04,10,
096000024,2007-03-23,19,32,17,20,05,06,18,
096000023,2007-03-20,47,37,14,15,25,49,13,
096000022,2007-03-16,35,43,28,49,36,38,47,
096000021,2007-03-13,41,04,22,13,24,26,28,
096000020,2007-03-09,21,14,23,31,20,12,45,
096000019,2007-03-06,33,02,15,46,16,31,40,
096000018,2007-03-02,15,39,49,32,12,24,06,
096000017,2007-02-27,49,39,06,36,48,22,28,
096000016,2007-02-23,13,39,48,25,05,30,36,
096000015,2007-02-20,01,19,45,38,33,13,36,
096000014,2007-02-16,34,48,44,19,27,18,37,
096000013,2007-02-13,02,46,25,39,08,43,13,
096000012,2007-02-09,45,07,28,41,48,30,44,
096000011,2007-02-06,16,26,32,48,12,41,01,
096000010,2007-02-02,48,10,12,07,08,47,38,
096000009,2007-01-30,45,06,26,18,39,42,14,
096000008,2007-01-26,36,34,08,26,18,13,17,
096000007,2007-01-23,44,15,07,31,36,06,29,
096000006,2007-01-19,46,45,44,26,06,27,02,
096000005,2007-01-16,28,38,13,33,43,48,04,
096000004,2007-01-12,26,31,33,10,28,16,44,
096000003,2007-01-09,28,39,35,45,26,44,18,
096000002,2007-01-05,19,44,42,48,23,12,33,
096000001,2007-01-02,27,31,13,49,23,21,19,
095000104,2006-12-28,01,04,07,08,25,31,33,
095000103,2006-12-26,06,13,24,31,32,49,03,
095000102,2006-12-21,16,32,42,45,46,49,03,
095000101,2006-12-19,12,19,30,32,34,36,37,
095000100,2006-12-14,02,04,08,27,33,48,14,
095000099,2006-12-12,16,18,37,38,45,46,10,
095000098,2006-12-07,05,27,28,30,35,42,37,
095000097,2006-12-05,14,26,28,35,41,45,33,
095000096,2006-11-30,03,06,07,14,16,43,17,
095000095,2006-11-28,14,19,31,37,42,45,11,
095000094,2006-11-23,01,23,34,37,43,45,09,
095000093,2006-11-21,06,07,11,19,47,48,17,
095000092,2006-11-16,02,17,28,29,38,49,16,
095000091,2006-11-14,05,17,29,34,38,47,26,
095000090,2006-11-09,12,14,20,22,37,40,23,
095000089,2006-11-07,05,18,20,33,38,40,34,
095000088,2006-11-02,06,30,34,45,46,48,29,
095000087,2006-10-31,06,08,29,39,46,49,23,
095000086,2006-10-26,05,07,11,19,36,42,23,
095000085,2006-10-24,01,04,05,15,18,42,06,
095000084,2006-10-19,09,10,12,25,33,38,05,
095000083,2006-10-17,08,13,16,41,43,46,31,
095000082,2006-10-12,09,17,23,26,30,41,19,
095000081,2006-10-10,01,17,21,35,36,46,19,
095000080,2006-10-05,07,15,20,32,36,44,03,
095000079,2006-10-03,06,07,23,31,33,36,24,
095000078,2006-09-28,08,19,30,33,37,43,22,
095000077,2006-09-26,02,06,08,25,30,45,38,
095000076,2006-09-21,06,13,20,21,33,40,26,
095000075,2006-09-19,01,09,21,39,40,41,46,
095000074,2006-09-14,01,10,37,39,43,44,35,
095000073,2006-09-12,02,08,11,14,15,21,31,
095000072,2006-09-07,11,12,15,28,43,48,37,
095000071,2006-09-05,02,05,27,30,33,48,19,
095000070,2006-08-31,05,06,25,33,38,49,47,
095000069,2006-08-29,17,24,34,38,42,49,30,
095000068,2006-08-24,10,11,14,17,21,45,19,
095000067,2006-08-22,16,20,24,30,38,40,06,
095000066,2006-08-17,18,23,25,28,35,36,16,
095000065,2006-08-15,06,10,19,27,32,41,43,
095000064,2006-08-10,03,09,16,40,43,48,42,
095000063,2006-08-08,04,08,12,20,22,39,48,
095000062,2006-08-03,03,20,21,42,44,46,25,
095000061,2006-08-01,12,28,29,35,37,42,08,
095000060,2006-07-27,04,36,37,42,45,46,01,
095000059,2006-07-25,14,16,25,27,42,49,44,
095000058,2006-07-20,07,30,37,41,43,49,10,
095000057,2006-07-18,11,20,31,34,36,38,15,
095000056,2006-07-13,06,16,24,34,42,43,23,
095000055,2006-07-11,01,06,09,16,42,44,03,
095000054,2006-07-06,14,23,24,41,44,47,10,
095000053,2006-07-04,08,09,14,19,20,33,29,
095000052,2006-06-29,11,15,17,21,23,31,09,
095000051,2006-06-27,01,20,29,30,35,39,43,
095000050,2006-06-22,01,18,31,39,41,47,44,
095000049,2006-06-20,03,08,14,18,19,43,29,
095000048,2006-06-15,01,25,35,37,44,46,43,
095000047,2006-06-13,08,11,12,32,38,45,24,
095000046,2006-06-08,03,04,15,23,26,47,12,
095000045,2006-06-06,04,12,15,37,41,42,19,
095000044,2006-06-01,04,11,34,35,45,48,24,
095000043,2006-05-30,02,09,15,16,22,49,07,
095000042,2006-05-26,01,15,20,37,47,48,38,
095000041,2006-05-23,11,20,31,38,42,46,37,
095000040,2006-05-18,01,23,28,46,47,49,06,
095000039,2006-05-16,08,20,35,36,45,46,44,
095000038,2006-05-11,02,12,19,26,34,46,38,
095000037,2006-05-09,05,08,18,26,38,42,02,
095000036,2006-05-04,02,03,19,26,27,41,07,
095000035,2006-05-02,03,16,24,25,40,43,48,
095000034,2006-04-27,09,12,30,33,42,49,04,
095000033,2006-04-25,03,09,19,40,44,49,04,
095000032,2006-04-20,09,13,15,27,34,42,02,
095000031,2006-04-18,04,06,14,16,20,41,02,
095000030,2006-04-13,01,23,25,37,39,45,21,
095000029,2006-04-11,08,10,16,22,37,38,14,
095000028,2006-04-06,05,23,36,38,40,42,01,
095000027,2006-04-04,06,10,11,32,34,39,07,
095000026,2006-03-30,12,17,26,31,35,48,40,
095000025,2006-03-28,05,08,09,15,29,45,18,
095000024,2006-03-23,07,23,28,29,38,46,14,
095000023,2006-03-20,12,28,30,40,47,49,03,
095000022,2006-03-16,03,09,18,42,45,46,05,
095000021,2006-03-14,04,21,25,35,39,42,45,
095000020,2006-03-09,06,13,15,17,18,22,03,
095000019,2006-03-06,05,07,09,15,31,34,38,
095000018,2006-03-02,05,08,24,31,32,39,04,
095000017,2006-02-27,09,17,18,27,36,42,10,
095000016,2006-02-23,07,12,16,17,19,33,39,
095000015,2006-02-20,02,14,18,21,37,43,13,
095000014,2006-02-16,05,06,18,23,26,29,16,
095000013,2006-02-13,03,15,21,23,36,49,10,
095000012,2006-02-09,12,21,34,37,38,39,27,
095000011,2006-02-06,11,15,18,25,29,49,05,
095000010,2006-02-02,02,08,12,20,26,33,13,
095000009,2006-01-30,04,05,13,26,32,42,46,
095000008,2006-01-26,10,29,30,32,43,47,35,
095000007,2006-01-23,01,11,16,21,23,40,10,
095000006,2006-01-19,03,11,18,20,21,26,24,
095000005,2006-01-16,04,12,15,19,26,31,41,
095000004,2006-01-12,07,11,22,24,28,30,35,
095000003,2006-01-09,08,20,22,39,45,46,31,
095000002,2006-01-05,18,23,26,38,39,48,45,
095000001,2006-01-02,06,15,22,25,35,41,21,
094000104,2005-12-29,06,07,10,13,31,39,18,
094000103,2005-12-26,01,02,07,08,27,45,19,
094000102,2005-12-22,12,22,24,26,27,47,40,
094000101,2005-12-19,03,20,21,22,26,27,25,
094000100,2005-12-15,07,16,32,39,45,49,30,
094000099,2005-12-12,26,28,29,30,36,37,18,
094000098,2005-12-08,13,18,26,28,35,48,42,
094000097,2005-12-05,25,31,34,40,41,47,15,
094000096,2005-12-01,07,30,38,39,40,43,13,
094000095,2005-11-28,02,14,23,25,26,40,06,
094000094,2005-11-24,09,11,30,41,47,49,04,
094000093,2005-11-21,07,13,23,33,34,42,30,
094000092,2005-11-17,02,03,04,17,27,39,15,
094000091,2005-11-14,02,13,29,39,44,49,35,
094000090,2005-11-10,04,07,19,30,36,46,48,
094000089,2005-11-07,16,17,23,32,42,48,02,
094000088,2005-11-03,06,08,17,19,30,47,23,
094000087,2005-10-31,05,10,22,26,31,48,41,
094000086,2005-10-27,06,08,23,26,28,36,37,
094000085,2005-10-24,07,08,17,22,27,44,28,
094000084,2005-10-20,11,13,14,21,42,47,22,
094000083,2005-10-17,27,30,35,39,43,47,25,
094000082,2005-10-13,03,11,26,43,46,48,05,
094000081,2005-10-10,06,11,23,29,45,49,26,
094000080,2005-10-06,02,08,24,28,31,48,15,
094000079,2005-10-03,03,15,16,25,40,48,18,
094000078,2005-09-29,01,08,19,23,38,40,05,
094000077,2005-09-26,04,18,26,37,41,44,06,
094000076,2005-09-22,02,11,35,37,48,49,05,
094000075,2005-09-19,03,26,29,38,43,45,28,
094000074,2005-09-15,04,15,23,41,44,45,46,
094000073,2005-09-12,04,24,28,30,35,39,19,
094000072,2005-09-08,03,10,11,36,37,45,29,
094000071,2005-09-05,05,08,22,26,27,44,10,
094000070,2005-09-01,06,12,20,43,47,48,41,
094000069,2005-08-29,09,10,36,40,42,43,41,
094000068,2005-08-25,02,04,06,21,25,46,28,
094000067,2005-08-22,17,18,23,24,25,28,41,
094000066,2005-08-18,03,08,11,36,38,49,19,
094000065,2005-08-15,13,15,33,37,38,41,47,
094000064,2005-08-11,09,20,22,31,45,46,03,
094000063,2005-08-08,24,28,37,38,43,45,18,
094000062,2005-08-04,09,20,26,29,40,41,21,
094000061,2005-08-01,02,13,16,36,44,47,21,
094000060,2005-07-28,09,14,24,27,37,41,12,
094000059,2005-07-25,05,12,25,27,41,44,18,
094000058,2005-07-21,11,22,26,28,33,37,42,
094000057,2005-07-18,07,11,13,25,30,40,06,
094000056,2005-07-14,03,22,31,43,46,47,14,
094000055,2005-07-11,01,11,14,18,35,43,25,
094000054,2005-07-07,06,12,21,27,36,48,18,
094000053,2005-07-04,02,15,17,31,32,38,11,
094000052,2005-06-30,02,04,05,09,35,45,48,
094000051,2005-06-27,10,17,22,37,43,49,08,
094000050,2005-06-23,04,10,18,34,40,43,03,
094000049,2005-06-20,04,20,22,28,47,48,43,
094000048,2005-06-16,08,12,16,25,28,45,49,
094000047,2005-06-13,09,14,25,31,36,46,40,
094000046,2005-06-09,04,06,13,22,30,44,05,
094000045,2005-06-06,03,04,09,10,28,45,37,
094000044,2005-06-02,04,15,21,30,41,46,48,
094000043,2005-05-30,04,08,11,15,16,25,43,
094000042,2005-05-26,03,09,16,18,41,48,22,
094000041,2005-05-23,02,08,09,10,21,31,44,
094000040,2005-05-19,02,04,14,24,27,46,28,
094000039,2005-05-16,01,06,11,37,41,44,04,
094000038,2005-05-12,15,28,29,31,32,47,18,
094000037,2005-05-09,01,02,07,09,16,29,15,
094000036,2005-05-05,05,14,18,34,44,47,10,
094000035,2005-05-02,01,03,29,35,43,47,40,
094000034,2005-04-28,04,05,15,20,29,39,34,
094000033,2005-04-25,01,16,25,34,36,38,41,
094000032,2005-04-21,04,05,22,33,36,43,26,
094000031,2005-04-18,11,20,40,41,45,49,36,
094000030,2005-04-14,18,20,25,36,48,49,21,
094000029,2005-04-11,02,06,09,24,27,45,49,
094000028,2005-04-07,05,15,23,29,31,44,17,
094000027,2005-04-04,05,15,28,29,33,40,26,
094000026,2005-03-31,20,22,28,38,41,47,25,
094000025,2005-03-28,01,02,09,25,28,44,42,
094000024,2005-03-24,07,10,23,44,45,47,38,
094000023,2005-03-21,02,05,06,19,38,45,01,
094000022,2005-03-17,07,10,12,22,30,34,08,
094000021,2005-03-14,05,12,19,21,33,42,09,
094000020,2005-03-10,01,03,16,31,42,48,23,
094000019,2005-03-07,01,06,16,34,36,40,38,
094000018,2005-03-03,25,28,31,32,34,36,43,
094000017,2005-02-28,14,21,25,27,43,47,05,
094000016,2005-02-24,02,04,36,41,42,48,34,
094000015,2005-02-21,06,11,21,22,35,41,27,
094000014,2005-02-17,12,14,21,23,25,30,03,
094000013,2005-02-14,05,07,24,26,30,47,36,
094000012,2005-02-10,19,26,28,33,38,46,48,
094000011,2005-02-07,11,31,41,44,47,49,25,
094000010,2005-02-03,07,08,19,30,43,48,49,
094000009,2005-01-31,02,17,31,35,37,46,03,
094000008,2005-01-27,03,25,39,44,45,48,13,
094000007,2005-01-24,14,17,30,31,36,47,28,
094000006,2005-01-20,01,23,26,27,33,41,18,
094000005,2005-01-17,07,14,16,38,45,49,25,
094000004,2005-01-13,01,02,15,21,31,35,33,
094000003,2005-01-10,01,03,14,17,36,49,10,
094000002,2005-01-06,06,23,39,45,46,47,18,
094000001,2005-01-03,05,10,27,37,39,46,08,
093000104,2004-12-30,03,18,33,34,43,49,02,
093000103,2004-12-27,01,08,16,22,24,30,14,
093000102,2004-12-23,03,05,18,23,40,45,41,
093000101,2004-12-20,03,04,13,26,39,42,18,
093000100,2004-12-16,02,12,18,22,34,36,08,
093000099,2004-12-13,05,15,24,37,38,39,06,
093000098,2004-12-09,16,28,35,44,46,48,26,
093000097,2004-12-06,02,08,11,12,26,35,47,
093000096,2004-12-02,05,16,23,28,38,47,49,
093000095,2004-11-29,04,12,23,30,35,48,46,
093000094,2004-11-25,03,04,09,10,27,31,26,
093000093,2004-11-22,02,14,27,28,44,49,30,
093000092,2004-11-18,07,11,20,38,39,45,30,
093000091,2004-11-15,08,11,14,17,23,33,30,
093000090,2004-11-11,09,12,17,28,40,43,13,
093000089,2004-11-08,12,24,25,27,34,36,39,
093000088,2004-11-04,23,26,31,33,36,38,21,
093000087,2004-11-01,01,10,25,28,38,49,23,
093000086,2004-10-28,10,12,13,24,31,40,47,
093000085,2004-10-25,06,13,30,34,38,44,48,
093000084,2004-10-21,03,10,20,21,24,48,26,
093000083,2004-10-18,10,21,23,25,38,42,33,
093000082,2004-10-14,04,23,36,39,45,47,25,
093000081,2004-10-11,01,07,10,32,42,45,26,
093000080,2004-10-07,03,06,19,22,31,32,05,
093000079,2004-10-04,12,15,21,23,25,35,24,
093000078,2004-09-30,07,13,15,20,22,47,19,
093000077,2004-09-27,26,27,40,41,42,43,28,
093000076,2004-09-23,01,15,16,33,35,48,10,
093000075,2004-09-20,05,06,08,09,10,43,13,
093000074,2004-09-16,07,19,26,37,38,46,29,
093000073,2004-09-13,08,10,11,21,23,44,42,
093000072,2004-09-09,07,13,14,20,21,49,34,
093000071,2004-09-06,12,25,26,31,36,42,29,
093000070,2004-09-02,09,16,18,32,41,47,46,
093000069,2004-08-30,04,22,28,29,44,47,32,
093000068,2004-08-26,14,31,34,37,42,48,29,
093000067,2004-08-23,13,29,31,38,45,46,43,
093000066,2004-08-19,10,22,31,32,41,48,24,
093000065,2004-08-16,05,06,11,16,19,42,10,
093000064,2004-08-12,11,16,27,33,34,40,07,
093000063,2004-08-09,05,17,19,26,28,43,25,
093000062,2004-08-05,13,14,21,24,27,30,20,
093000061,2004-08-02,03,11,19,21,40,42,14,
093000060,2004-07-29,20,31,33,40,42,46,30,
093000059,2004-07-26,01,15,28,38,41,42,24,
093000058,2004-07-22,11,15,24,27,37,46,01,
093000057,2004-07-19,02,03,07,26,30,49,06,
093000056,2004-07-15,02,05,32,38,42,49,44,
093000055,2004-07-12,03,04,08,25,36,42,32,
093000054,2004-07-08,04,05,07,13,24,30,49,
093000053,2004-07-05,07,19,27,31,42,46,39,
093000052,2004-07-01,06,10,11,16,29,44,37,
093000051,2004-06-28,12,17,19,22,27,42,48,
093000050,2004-06-24,11,17,29,36,44,49,33,
093000049,2004-06-21,06,09,11,17,22,36,44,
093000048,2004-06-17,05,11,30,34,44,48,40,
093000047,2004-06-14,05,12,41,43,45,46,33,
093000046,2004-06-10,02,10,16,22,30,33,41,
093000045,2004-06-07,06,15,25,37,41,49,03,
093000044,2004-06-03,01,04,31,32,34,35,33,
093000043,2004-05-31,01,17,30,31,32,45,33,
093000042,2004-05-27,06,22,27,34,42,44,36,
093000041,2004-05-24,01,16,17,30,36,49,44,
093000040,2004-05-20,06,28,30,34,43,46,09,
093000039,2004-05-17,02,04,18,20,32,49,30,
093000038,2004-05-14,04,10,11,14,32,36,09,
093000037,2004-05-10,03,04,10,23,25,26,33,
093000036,2004-05-06,06,27,40,44,45,47,11,
093000035,2004-05-03,03,09,13,28,40,48,39,
093000034,2004-04-29,01,10,13,33,34,46,07,
093000033,2004-04-26,22,25,29,31,34,46,49,
093000032,2004-04-22,03,11,19,20,22,28,13,
093000031,2004-04-19,13,17,19,26,39,45,11,
093000030,2004-04-15,13,14,20,30,37,45,01,
093000029,2004-04-12,24,25,26,30,36,48,45,
093000028,2004-04-08,05,14,26,38,41,43,04,
093000027,2004-04-05,16,24,25,26,39,44,30,
093000026,2004-04-01,03,07,42,45,46,49,08,
093000025,2004-03-29,11,13,15,21,35,38,37,
093000024,2004-03-25,11,17,21,36,43,49,05,
093000023,2004-03-22,02,12,14,30,41,46,29,
093000022,2004-03-18,06,16,20,25,33,46,12,
093000021,2004-03-15,01,02,07,26,38,43,04,
093000020,2004-03-11,08,14,21,22,30,31,48,
093000019,2004-03-08,08,12,17,18,19,34,37,
093000018,2004-03-04,12,15,22,23,41,48,17,
093000017,2004-03-01,01,11,17,25,41,45,32,
093000016,2004-02-26,08,12,23,24,45,46,36,
093000015,2004-02-23,03,06,17,23,28,32,45,
093000014,2004-02-19,04,21,25,32,37,43,02,
093000013,2004-02-16,07,13,18,19,25,37,14,
093000012,2004-02-12,01,02,26,31,39,40,38,
093000011,2004-02-09,14,17,20,25,43,48,15,
093000010,2004-02-05,17,22,26,29,37,43,31,
093000009,2004-02-02,04,06,11,22,42,48,23,
093000008,2004-01-29,22,29,34,36,44,46,37,
093000007,2004-01-26,02,06,13,34,40,44,14,
093000006,2004-01-22,13,28,29,32,33,34,43,
093000005,2004-01-19,14,15,20,29,32,39,43,
093000004,2004-01-15,18,19,28,29,30,34,12,
093000003,2004-01-12,02,04,25,26,34,43,41,
093000002,2004-01-08,30,47,27,31,16,21,35,
093000001,2004-01-05,33,12,06,09,39,13,21,
