period,date,one,two,three,four,five,six,special
104000010,2015/2/3,30,13,16,18,5,15,8
104000009,2015/1/30,35,14,24,39,3,44,28
104000008,2015/1/27,45,4,27,15,9,21,6
104000007,2015/1/23,20,16,39,42,38,8,29
104000006,2015/1/20,47,35,28,45,9,24,48
104000005,2015/1/16,2,46,17,32,38,28,49
104000004,2015/1/13,46,14,22,37,2,16,49
104000003,2015/1/9,18,7,24,21,23,8,11
104000002,2015/1/6,16,37,43,11,30,29,13
104000001,2015/1/2,31,23,48,29,22,13,6
103000108,2014/12/30,48,49,7,44,32,30,45
103000107,2014/12/26,49,32,42,45,9,27,30
103000106,2014/12/23,32,39,3,31,30,27,35
103000105,2014/12/19,9,1,24,41,32,49,40
103000104,2014/12/16,35,45,34,32,17,28,8
103000103,2014/12/12,24,8,29,32,7,48,37
103000102,2014/12/9,41,23,9,7,43,33,24
103000101,2014/12/5,47,30,11,34,37,18,17
103000100,2014/12/2,11,26,42,13,9,23,47
103000099,2014/11/28,35,44,1,40,10,21,36
103000098,2014/11/25,15,32,16,1,44,48,40
103000097,2014/11/21,3,32,2,34,26,22,40
103000096,2014/11/18,12,20,43,11,28,26,6
103000095,2014/11/14,44,15,41,29,16,34,49
103000094,2014/11/11,18,23,11,36,5,43,14
103000093,2014/11/7,49,25,40,27,19,11,33
103000092,2014/11/4,20,38,3,35,30,41,47
103000091,2014/10/31,14,8,27,49,10,2,20
103000090,2014/10/28,16,32,25,5,37,44,21
103000089,2014/10/24,36,1,20,45,17,37,15
103000088,2014/10/21,31,44,42,28,14,38,45
103000087,2014/10/17,32,36,33,2,20,11,39
103000086,2014/10/14,47,36,20,9,14,10,8
103000085,2014/10/10,11,26,1,24,28,19,33
103000084,2014/10/7,45,40,17,47,18,41,29
103000083,2014/10/3,10,14,19,37,24,35,39
103000082,2014/9/30,49,41,18,47,36,35,15
103000081,2014/9/26,15,19,29,22,37,8,39
103000080,2014/9/23,38,28,20,32,2,11,16
103000079,2014/9/19,6,17,29,2,32,39,4
103000078,2014/9/16,41,19,7,18,16,12,45
103000077,2014/9/12,27,49,2,36,31,23,15
103000076,2014/9/9,42,49,21,41,29,23,14
103000075,2014/9/5,16,25,32,10,36,27,45
103000074,2014/9/2,39,36,43,7,8,42,22
103000073,2014/8/29,39,38,21,23,10,9,35
103000072,2014/8/26,23,32,43,19,1,17,9
103000071,2014/8/22,43,8,23,30,16,31,18
103000070,2014/8/19,12,19,6,7,14,9,17
103000069,2014/8/15,47,46,29,23,18,48,5
103000068,2014/8/12,12,10,6,4,34,45,44
103000067,2014/8/8,32,42,26,45,38,31,37
103000066,2014/8/5,40,11,26,33,4,42,34
103000065,2014/8/1,45,8,21,32,5,23,18
103000064,2014/7/29,47,36,32,31,44,34,46
103000063,2014/7/25,45,30,21,32,5,35,26
103000062,2014/7/22,28,3,13,9,17,42,14
103000061,2014/7/18,19,15,21,2,30,1,40
103000060,2014/7/15,7,32,18,23,48,34,13
103000059,2014/7/11,7,18,30,1,15,14,33
103000058,2014/7/8,33,10,39,22,47,25,38
103000057,2014/7/4,48,14,24,17,27,3,28
103000056,2014/7/1,9,21,48,8,7,6,18
103000055,2014/6/27,35,34,36,27,13,21,24
103000054,2014/6/24,14,40,8,1,12,41,15
103000053,2014/6/20,14,36,12,16,33,47,48
103000052,2014/6/17,3,6,20,48,18,25,12
103000051,2014/6/13,28,32,37,42,4,21,16
103000050,2014/6/10,3,32,11,35,33,28,30
103000049,2014/6/6,41,29,47,49,25,40,48
103000048,2014/6/3,31,32,16,44,35,33,46
103000047,2014/5/30,21,9,17,35,24,30,15
103000046,2014/5/27,26,19,23,10,39,32,16
103000045,2014/5/23,30,11,22,46,17,27,15
103000044,2014/5/20,34,33,30,13,35,6,38
103000043,2014/5/16,45,41,31,42,14,38,29
103000042,2014/5/13,32,20,31,44,29,15,23
103000041,2014/5/9,13,1,27,21,37,11,3
103000040,2014/5/6,10,46,39,35,40,25,31
103000039,2014/5/2,1,25,37,23,7,40,12
103000038,2014/4/29,2,46,9,44,30,27,22
103000037,2014/4/25,46,24,34,4,38,35,30
103000036,2014/4/22,18,37,20,11,12,15,42
103000035,2014/4/18,8,48,15,40,9,44,24
103000034,2014/4/15,26,44,24,8,35,5,41
103000033,2014/4/11,1,3,17,9,12,4,15
103000032,2014/4/8,28,27,17,1,45,14,11
103000031,2014/4/4,8,24,35,37,41,47,23
103000030,2014/4/1,46,18,29,30,47,22,6
103000029,2014/3/28,9,18,23,36,47,35,41
103000028,2014/3/25,19,25,47,42,30,23,16
103000027,2014/3/21,47,26,46,8,31,18,20
103000026,2014/3/18,26,40,35,39,12,28,16
103000025,2014/3/14,47,8,40,41,27,2,28
103000024,2014/3/11,40,20,15,16,13,43,14
103000023,2014/3/7,38,26,6,37,18,30,16
103000022,2014/3/4,43,8,40,35,37,26,6
103000021,2014/2/28,17,24,13,18,32,28,37
103000020,2014/2/25,13,9,5,3,46,12,4
103000019,2014/2/21,11,12,23,40,28,48,9
103000018,2014/2/18,47,19,6,26,32,20,35
103000017,2014/2/14,24,10,48,33,20,19,1
103000016,2014/2/11,15,31,21,6,44,22,41
103000015,2014/2/7,22,5,28,11,21,12,25
103000014,2014/2/4,19,46,32,12,42,8,28
103000013,2014/2/3,2,16,27,30,17,1,48
103000012,2014/2/2,14,45,3,24,19,13,5
103000011,2014/2/1,36,37,13,19,9,6,27
103000010,2014/1/31,38,17,23,49,48,27,19
103000009,2014/1/30,9,22,49,48,45,44,8
103000008,2014/1/28,2,30,7,26,5,1,24
103000007,2014/1/24,4,20,29,41,45,1,36
103000006,2014/1/21,22,43,12,44,38,15,9
103000005,2014/1/17,20,29,13,15,26,36,37
103000004,2014/1/14,11,49,2,45,41,21,26
103000003,2014/1/10,7,19,17,30,37,32,3
103000002,2014/1/7,1,7,25,36,21,35,39
103000001,2014/1/3,11,35,21,18,37,20,8
102000108,2013/12/31,27,36,42,40,29,5,35
102000107,2013/12/27,16,31,43,39,2,12,18
102000106,2013/12/24,21,9,33,36,24,43,3
102000105,2013/12/20,25,8,17,9,14,45,27
102000104,2013/12/17,28,14,1,9,4,22,20
102000103,2013/12/13,16,41,10,48,26,28,42
102000102,2013/12/10,6,34,49,11,27,42,21
102000101,2013/12/6,8,6,4,10,36,15,13
102000100,2013/12/3,44,10,8,38,17,49,40
102000099,2013/11/29,2,19,30,31,8,13,20
102000098,2013/11/26,15,20,10,11,21,1,26
102000097,2013/11/22,9,8,40,47,11,24,33
102000096,2013/11/19,33,35,16,46,36,15,21
102000095,2013/11/15,43,31,2,18,36,4,8
102000094,2013/11/12,22,12,29,23,46,3,33
102000093,2013/11/8,30,28,1,39,3,33,34
102000092,2013/11/5,27,46,37,12,3,29,17
102000091,2013/11/1,31,6,16,36,26,46,9
102000090,2013/10/29,21,42,4,39,30,1,44
102000089,2013/10/25,35,11,36,8,3,10,39
102000088,2013/10/22,8,39,32,23,7,16,22
102000087,2013/10/18,9,17,39,43,11,40,46
102000086,2013/10/15,20,13,22,16,28,8,49
102000085,2013/10/11,32,37,2,46,49,10,28
102000084,2013/10/8,4,6,26,31,7,11,38
102000083,2013/10/4,12,25,28,18,7,48,46
102000082,2013/10/1,46,1,17,23,14,4,41
102000081,2013/9/27,1,18,38,46,12,19,2
102000080,2013/9/24,15,23,7,35,9,34,41
102000079,2013/9/20,47,12,6,39,28,19,36
102000078,2013/9/17,46,40,8,1,17,19,15
102000077,2013/9/13,16,28,26,27,45,12,6
102000076,2013/9/10,42,14,34,1,10,47,9
102000075,2013/9/6,14,7,48,33,6,36,18
102000074,2013/9/3,39,29,48,22,13,11,45
102000073,2013/8/30,21,36,2,46,27,24,5
102000072,2013/8/27,11,8,15,5,36,14,46
102000071,2013/8/23,12,11,5,14,31,35,26
102000070,2013/8/20,49,31,16,28,7,5,34
102000069,2013/8/16,24,40,29,17,27,4,9
102000068,2013/8/13,14,48,37,34,16,12,7
102000067,2013/8/9,12,13,4,3,24,30,9
102000066,2013/8/6,27,17,48,32,4,1,6
102000065,2013/8/2,43,7,44,45,46,27,35
102000064,2013/7/30,43,6,22,15,45,16,48
102000063,2013/7/26,34,17,8,39,21,45,44
102000062,2013/7/23,17,35,24,27,49,4,39
102000061,2013/7/19,5,3,15,9,49,30,48
102000060,2013/7/16,13,31,16,29,10,37,32
102000059,2013/7/12,48,47,29,34,24,15,31
102000058,2013/7/9,43,41,29,28,19,24,37
102000057,2013/7/5,45,40,28,39,11,14,42
102000056,2013/7/2,5,44,1,21,18,40,22
102000055,2013/6/28,26,31,49,22,44,42,29
102000054,2013/6/25,34,18,26,28,38,7,5
102000053,2013/6/21,41,35,39,29,10,44,7
102000052,2013/6/18,41,36,11,4,43,25,27
102000051,2013/6/14,35,47,22,4,16,32,43
102000050,2013/6/11,46,34,49,20,16,42,4
102000049,2013/6/7,39,14,29,33,3,48,22
102000048,2013/6/4,14,46,43,19,34,47,42
102000047,2013/5/31,44,3,33,39,6,10,37
102000046,2013/5/28,17,43,16,30,7,10,23
102000045,2013/5/24,28,10,41,27,31,37,34
102000044,2013/5/21,39,35,42,49,29,24,48
102000043,2013/5/17,24,22,16,23,10,5,31
102000042,2013/5/14,1,30,27,39,7,6,21
102000041,2013/5/10,43,39,25,2,32,17,34
102000040,2013/5/7,35,14,11,25,33,9,2
102000039,2013/5/3,45,32,4,22,1,8,2
102000038,2013/4/30,32,46,37,30,47,10,16
102000037,2013/4/26,17,40,19,30,15,47,25
102000036,2013/4/23,45,36,29,12,15,31,40
102000035,2013/4/19,48,37,42,36,40,3,17
102000034,2013/4/16,18,45,6,48,40,43,24
102000033,2013/4/12,32,22,1,29,3,18,21
102000032,2013/4/9,45,35,48,7,47,16,39
102000031,2013/4/5,21,17,4,35,7,13,33
102000030,2013/4/2,11,20,35,26,23,15,31
102000029,2013/3/29,3,46,2,8,24,15,36
102000028,2013/3/26,39,28,1,42,20,9,47
102000027,2013/3/22,30,23,24,5,13,7,1
102000026,2013/3/19,40,25,1,12,37,39,18
102000025,2013/3/15,23,5,37,13,43,44,26
102000024,2013/3/12,20,47,49,46,35,16,31
102000023,2013/3/8,16,12,29,45,44,13,30
102000022,2013/3/5,36,5,38,24,35,30,11
102000021,2013/3/1,36,34,1,26,37,35,7
102000020,2013/2/26,30,36,39,21,8,15,17
102000019,2013/2/22,28,9,7,35,17,25,36
102000018,2013/2/19,40,28,24,7,23,32,8
102000017,2013/2/15,8,30,34,17,2,40,26
102000016,2013/2/12,27,38,13,3,19,24,40
102000015,2013/2/11,16,46,40,45,48,6,31
102000014,2013/2/10,12,10,21,35,9,31,19
102000013,2013/2/9,22,11,5,17,30,34,10
102000012,2013/2/8,22,26,47,38,4,11,13
102000011,2013/2/5,25,19,38,8,15,30,6
102000010,2013/2/1,46,39,28,1,26,37,3
102000009,2013/1/29,3,31,43,7,34,32,41
102000008,2013/1/25,18,2,48,11,49,4,38
102000007,2013/1/22,31,14,47,2,23,25,48
102000006,2013/1/18,33,46,30,27,22,37,24
102000005,2013/1/15,32,8,34,2,44,46,14
102000004,2013/1/11,48,44,33,10,1,24,37
102000003,2013/1/8,19,14,33,6,5,27,31
102000002,2013/1/4,35,7,24,1,31,47,21
102000001,2013/1/1,4,3,32,33,22,49,21
101000104,2012/12/28,28,37,18,14,42,5,19
101000103,2012/12/25,41,18,25,32,47,12,7
101000102,2012/12/21,13,25,31,48,22,17,26
101000101,2012/12/18,7,15,10,44,19,5,49
101000100,2012/12/14,8,49,28,11,17,21,37
101000099,2012/12/11,44,5,12,38,22,14,25
101000098,2012/12/7,23,8,28,11,19,13,49
101000097,2012/12/4,43,29,23,2,41,30,16
101000096,2012/11/30,37,31,18,26,43,5,8
101000095,2012/11/27,31,13,9,18,19,5,32
101000094,2012/11/23,4,3,46,18,14,2,25
101000093,2012/11/20,23,24,27,6,34,20,16
101000092,2012/11/16,42,33,32,18,17,41,12
101000091,2012/11/13,2,11,22,31,25,14,26
101000090,2012/11/9,37,31,45,38,9,25,21
101000089,2012/11/6,8,47,13,42,48,41,29
101000088,2012/11/2,24,38,36,4,37,18,31
101000087,2012/10/30,20,25,14,36,46,10,2
101000086,2012/10/26,20,41,32,17,28,1,13
101000085,2012/10/23,46,25,20,2,19,7,43
101000084,2012/10/19,39,45,25,13,49,27,11
101000083,2012/10/16,35,3,28,45,2,44,36
101000082,2012/10/12,11,48,43,5,30,12,15
101000081,2012/10/9,30,8,41,18,31,15,45
101000080,2012/10/5,18,9,44,17,33,47,8
101000079,2012/10/2,7,1,28,3,9,40,45
101000078,2012/9/28,42,22,6,47,41,4,18
101000077,2012/9/25,35,19,49,18,45,34,16
101000076,2012/9/21,29,37,42,36,22,30,9
101000075,2012/9/18,48,39,12,13,18,44,35
101000074,2012/9/14,32,33,20,37,38,31,39
101000073,2012/9/11,21,3,31,30,48,4,15
101000072,2012/9/7,19,44,7,17,24,30,31
101000071,2012/9/4,32,48,36,40,10,21,9
101000070,2012/8/31,28,36,45,34,31,18,42
101000069,2012/8/28,6,30,38,3,41,1,46
101000068,2012/8/24,35,43,7,42,34,47,29
101000067,2012/8/21,29,40,46,44,47,6,33
101000066,2012/8/17,43,38,39,48,47,7,29
101000065,2012/8/14,19,27,2,38,31,49,32
101000064,2012/8/10,1,24,26,14,3,45,38
101000063,2012/8/7,12,29,28,43,47,23,26
101000062,2012/8/3,14,44,27,13,18,29,21
101000061,2012/7/31,24,33,44,28,1,43,31
101000060,2012/7/27,22,5,27,7,34,9,45
101000059,2012/7/24,24,11,39,5,21,37,13
101000058,2012/7/20,41,11,44,34,22,14,27
101000057,2012/7/17,25,30,37,19,17,22,31
101000056,2012/7/13,46,15,28,8,35,41,11
101000055,2012/7/10,16,41,3,26,31,28,45
101000054,2012/7/6,18,31,4,11,27,19,24
101000053,2012/7/3,49,41,34,11,18,21,47
101000052,2012/6/29,9,30,36,11,39,45,26
101000051,2012/6/26,1,7,16,41,6,12,49
101000050,2012/6/22,28,36,24,6,44,38,8
101000049,2012/6/19,26,5,19,1,46,17,47
101000048,2012/6/15,47,23,15,9,38,49,36
101000047,2012/6/12,29,21,40,35,3,33,45
101000046,2012/6/8,1,9,24,45,46,49,12
101000045,2012/6/5,11,49,16,40,13,35,39
101000044,2012/6/1,4,44,39,34,18,31,49
101000043,2012/5/29,49,46,38,5,22,43,13
101000042,2012/5/25,1,22,33,40,26,17,11
101000041,2012/5/22,13,1,28,18,8,49,6
101000040,2012/5/18,13,31,23,46,25,39,41
101000039,2012/5/15,44,35,30,49,47,1,46
101000038,2012/5/11,37,30,33,22,10,29,27
101000037,2012/5/8,6,29,23,30,25,24,47
101000036,2012/5/4,17,31,23,39,4,11,14
101000035,2012/5/1,7,43,21,22,5,31,4
101000034,2012/4/27,35,40,45,22,13,24,37
101000033,2012/4/24,39,47,9,21,19,14,11
101000032,2012/4/20,48,25,44,3,2,45,31
101000031,2012/4/17,23,26,43,31,19,25,10
101000030,2012/4/13,20,9,35,4,1,25,43
101000029,2012/4/10,33,6,31,42,27,19,13
101000028,2012/4/6,36,4,37,5,40,14,25
101000027,2012/4/3,44,23,47,8,39,22,36
101000026,2012/3/30,21,38,28,1,20,36,30
101000025,2012/3/27,27,29,28,16,23,18,19
101000024,2012/3/23,36,31,43,37,44,22,11
101000023,2012/3/20,13,7,5,26,46,4,24
101000022,2012/3/16,27,26,43,28,30,31,8
101000021,2012/3/13,6,47,24,48,49,46,40
101000020,2012/3/9,45,21,48,41,44,10,32
101000019,2012/3/6,25,20,2,5,17,48,14
101000018,2012/3/2,15,6,45,31,2,21,24
101000017,2012/2/28,30,47,36,43,2,32,49
101000016,2012/2/24,17,43,2,15,6,13,4
101000015,2012/2/21,42,32,39,46,21,2,19
101000014,2012/2/17,15,30,26,38,44,14,19
101000013,2012/2/14,21,45,2,11,33,19,40
101000012,2012/2/10,43,16,41,29,19,5,37
101000011,2012/2/7,33,41,27,7,22,39,13
101000010,2012/2/3,8,34,32,5,20,35,17
101000009,2012/1/31,11,19,15,33,14,1,42
101000008,2012/1/27,40,20,34,21,22,3,44
101000007,2012/1/24,29,21,44,8,38,45,20
101000006,2012/1/20,22,44,30,39,10,12,9
101000005,2012/1/17,22,4,42,46,10,35,32
101000004,2012/1/13,48,36,46,22,42,43,21
101000003,2012/1/10,3,21,47,27,23,45,40
101000002,2012/1/6,14,41,23,10,35,46,19
101000001,2012/1/3,34,9,26,19,38,40,37
100000104,2011/12/30,15,28,37,13,12,30,3
100000103,2011/12/27,1,8,30,23,32,24,14
100000102,2011/12/23,40,17,27,31,6,48,28
100000101,2011/12/20,26,7,34,9,5,27,8
100000100,2011/12/16,41,31,10,36,44,35,34
100000099,2011/12/13,48,23,36,2,30,44,24
100000098,2011/12/9,37,38,40,45,39,10,18
100000097,2011/12/6,38,14,18,3,13,22,6
100000096,2011/12/2,23,39,45,31,37,27,6
100000095,2011/11/29,7,1,35,36,11,14,10
100000094,2011/11/25,10,43,30,8,36,27,48
100000093,2011/11/22,40,37,46,41,21,16,27
100000092,2011/11/18,12,11,16,10,45,15,19
100000091,2011/11/15,46,21,42,35,12,19,40
100000090,2011/11/11,36,29,20,19,4,32,30
100000089,2011/11/8,2,40,39,11,35,22,36
100000088,2011/11/4,21,14,8,7,2,38,11
100000087,2011/11/1,21,4,7,29,13,14,22
100000086,2011/10/28,24,5,33,36,27,15,1
100000085,2011/10/25,2,5,33,28,44,24,4
100000084,2011/10/21,20,35,33,43,41,34,4
100000083,2011/10/18,46,19,44,32,8,4,21
100000082,2011/10/14,7,26,23,39,8,21,28
100000081,2011/10/11,6,34,18,43,2,33,28
100000080,2011/10/7,1,30,16,6,13,33,3
100000079,2011/10/4,8,49,29,26,15,2,3
100000078,2011/9/30,10,44,11,34,48,24,31
100000077,2011/9/27,9,42,23,3,26,31,41
100000076,2011/9/23,27,23,16,14,44,28,40
100000075,2011/9/20,28,25,27,34,2,37,42
100000074,2011/9/16,48,28,23,36,30,15,45
100000073,2011/9/13,11,48,2,41,8,38,18
100000072,2011/9/9,12,8,15,36,1,47,10
100000071,2011/9/6,41,29,38,23,9,2,8
100000070,2011/9/2,30,5,35,22,24,2,42
100000069,2011/8/30,48,26,36,37,10,12,34
100000068,2011/8/26,10,31,45,33,32,43,30
100000067,2011/8/23,42,29,23,32,5,36,14
100000066,2011/8/19,32,41,18,30,13,48,45
100000065,2011/8/16,43,42,26,38,30,37,32
100000064,2011/8/12,12,22,45,2,40,14,4
100000063,2011/8/9,49,25,27,33,38,40,12
100000062,2011/8/5,3,28,25,49,24,20,30
100000061,2011/8/2,27,17,45,24,42,28,31
100000060,2011/7/29,19,38,46,28,6,37,42
100000059,2011/7/26,2,8,29,36,35,13,14
100000058,2011/7/22,8,22,6,4,5,38,42
100000057,2011/7/19,17,37,20,47,49,2,36
100000056,2011/7/15,43,49,23,30,27,17,31
100000055,2011/7/12,24,41,8,31,35,37,19
100000054,2011/7/8,43,37,47,16,18,35,7
100000053,2011/7/5,15,2,28,1,32,18,26
100000052,2011/7/1,9,49,23,44,31,25,2
100000051,2011/6/28,33,27,13,11,15,23,4
100000050,2011/6/24,38,11,27,21,19,39,24
100000049,2011/6/21,46,10,1,13,40,42,41
100000048,2011/6/17,1,2,31,19,47,48,36
100000047,2011/6/14,33,21,31,17,48,5,25
100000046,2011/6/10,29,6,37,10,41,19,9
100000045,2011/6/7,39,3,31,22,27,8,14
100000044,2011/6/3,12,8,15,13,46,35,30
100000043,2011/5/31,43,32,38,5,9,15,12
100000042,2011/5/27,48,10,43,5,32,24,4
100000041,2011/5/24,24,16,25,19,1,26,21
100000040,2011/5/20,42,33,34,2,47,44,10
100000039,2011/5/17,1,3,48,11,26,15,28
100000038,2011/5/13,19,29,42,36,16,21,10
100000037,2011/5/10,25,38,5,12,42,35,28
100000036,2011/5/6,22,24,36,44,23,6,3
100000035,2011/5/3,18,15,24,28,10,43,35
100000034,2011/4/29,17,7,22,23,1,16,19
100000033,2011/4/26,37,41,39,40,45,20,8
100000032,2011/4/22,46,26,22,4,36,21,41
100000031,2011/4/19,22,35,37,41,46,47,24
100000030,2011/4/15,47,37,42,28,38,15,33
100000029,2011/4/12,24,6,29,33,4,14,45
100000028,2011/4/8,9,38,10,23,37,29,44
100000027,2011/4/5,20,29,24,28,8,10,32
100000026,2011/4/1,32,35,30,20,14,43,33
100000025,2011/3/29,10,18,12,22,4,40,24
100000024,2011/3/25,43,48,18,39,1,35,2
100000023,2011/3/22,20,24,47,36,6,8,27
100000022,2011/3/18,3,15,37,30,23,36,28
100000021,2011/3/15,41,19,28,30,29,4,10
100000020,2011/3/11,11,42,13,21,22,5,25
100000019,2011/3/8,47,25,24,6,1,32,38
100000018,2011/3/4,23,27,22,16,12,18,41
100000017,2011/3/1,3,14,27,8,48,31,23
100000016,2011/2/25,2,28,44,36,20,3,21
100000015,2011/2/22,32,35,20,15,13,39,11
100000014,2011/2/18,20,23,38,37,14,26,33
100000013,2011/2/15,9,15,24,35,33,12,18
100000012,2011/2/11,36,3,45,34,7,4,24
100000011,2011/2/8,31,39,5,6,23,41,16
100000010,2011/2/4,10,49,47,42,41,33,3
100000009,2011/2/1,6,17,25,42,40,1,15
100000008,2011/1/28,18,3,42,24,13,4,47
100000007,2011/1/25,12,39,21,31,13,17,20
100000006,2011/1/21,39,32,43,36,37,2,3
100000005,2011/1/18,15,40,42,38,47,46,17
100000004,2011/1/14,20,32,39,16,17,45,46
100000003,2011/1/11,7,12,20,11,14,10,41
100000002,2011/1/7,34,35,13,47,11,49,20
100000001,2011/1/4,19,14,37,23,47,35,42
99000105,2010/12/31,9,4,39,38,27,36,2
99000104,2010/12/28,36,13,17,2,27,31,18
99000103,2010/12/24,48,27,16,49,43,39,1
99000102,2010/12/21,23,38,12,35,45,1,26
99000101,2010/12/17,41,9,30,35,28,25,12
99000100,2010/12/14,15,41,16,20,32,17,8
99000099,2010/12/10,17,22,26,33,29,1,3
99000098,2010/12/7,30,37,38,49,21,22,34
99000097,2010/12/3,38,23,17,48,33,43,19
99000096,2010/11/30,7,24,8,36,34,38,16
99000095,2010/11/26,22,23,44,35,18,49,26
99000094,2010/11/23,2,26,3,32,48,30,41
99000093,2010/11/19,43,3,40,45,44,6,41
99000092,2010/11/16,2,10,7,12,43,15,22
99000091,2010/11/12,39,10,37,3,23,36,15
99000090,2010/11/9,21,31,30,5,36,7,49
99000089,2010/11/5,47,28,16,5,8,13,46
99000088,2010/11/2,5,34,36,39,4,21,28
99000087,2010/10/29,27,19,13,4,28,26,33
99000086,2010/10/26,3,43,22,35,14,44,26
99000085,2010/10/22,1,18,49,13,4,8,3
99000084,2010/10/19,36,12,21,35,27,37,8
99000083,2010/10/15,46,28,30,1,20,11,10
99000082,2010/10/12,31,8,9,20,10,40,25
99000081,2010/10/8,39,48,14,41,11,3,6
99000080,2010/10/5,14,16,32,21,43,35,49
99000079,2010/10/1,23,37,12,38,48,8,20
99000078,2010/9/28,3,4,32,19,22,40,11
99000077,2010/9/24,36,8,2,29,42,44,22
99000076,2010/9/21,1,22,45,39,35,38,8
99000075,2010/9/17,24,35,12,39,13,34,14
99000074,2010/9/14,19,44,26,2,1,22,3
99000073,2010/9/10,41,10,18,42,14,49,24
99000072,2010/9/7,4,8,43,16,3,41,22
99000071,2010/9/3,5,7,38,47,18,20,37
99000070,2010/8/31,4,20,7,31,43,23,47
99000069,2010/8/27,27,14,47,30,42,8,29
99000068,2010/8/24,6,45,47,30,8,48,29
99000067,2010/8/20,8,28,21,44,38,33,27
99000066,2010/8/17,6,18,19,14,20,42,9
99000065,2010/8/13,36,2,22,30,48,13,9
99000064,2010/8/10,24,25,40,28,3,38,11
99000063,2010/8/6,19,47,22,28,10,21,39
99000062,2010/8/3,3,25,49,15,13,29,9
99000061,2010/7/30,14,11,8,36,12,23,45
99000060,2010/7/27,38,33,44,49,15,3,30
99000059,2010/7/23,43,49,42,15,8,22,7
99000058,2010/7/20,23,29,5,43,27,22,47
99000057,2010/7/16,17,16,32,20,18,45,9
99000056,2010/7/13,2,31,34,5,8,15,12
99000055,2010/7/9,24,35,32,11,25,33,23
99000054,2010/7/6,5,21,48,43,25,11,31
99000053,2010/7/2,23,32,45,7,20,10,17
99000052,2010/6/29,1,4,11,48,20,18,5
99000051,2010/6/25,47,11,27,24,46,39,20
99000050,2010/6/22,15,9,36,26,42,28,40
99000049,2010/6/18,48,26,2,5,15,20,8
99000048,2010/6/15,27,2,4,20,17,44,24
99000047,2010/6/11,42,43,20,21,27,1,26
99000046,2010/6/8,46,40,42,24,8,25,10
99000045,2010/6/4,39,27,28,15,11,37,4
99000044,2010/6/1,2,40,5,15,35,28,1
99000043,2010/5/28,20,43,19,3,26,18,10
99000042,2010/5/25,1,30,43,32,20,34,3
99000041,2010/5/21,44,12,27,16,47,4,39
99000040,2010/5/18,33,3,6,27,14,28,5
99000039,2010/5/14,16,28,47,6,21,3,18
99000038,2010/5/11,42,45,11,13,33,29,2
99000037,2010/5/7,38,23,49,28,19,32,20
99000036,2010/5/4,15,35,4,32,34,23,18
99000035,2010/4/30,44,35,37,39,8,36,20
99000034,2010/4/27,34,35,12,48,14,16,43
99000033,2010/4/23,47,45,4,30,3,49,27
99000032,2010/4/20,7,41,23,32,2,21,42
99000031,2010/4/16,34,31,1,24,40,30,43
99000030,2010/4/13,14,49,46,34,42,12,25
99000029,2010/4/9,49,36,40,4,5,29,26
99000028,2010/4/6,9,23,31,28,27,41,44
99000027,2010/4/2,48,6,21,41,1,16,12
99000026,2010/3/30,16,46,47,49,37,41,14
99000025,2010/3/26,36,17,19,9,23,35,34
99000024,2010/3/23,37,22,35,48,11,28,49
99000023,2010/3/19,8,22,49,18,5,29,47
99000022,2010/3/16,26,36,39,46,37,41,4
99000021,2010/3/12,38,31,35,18,23,19,22
99000020,2010/3/9,12,36,16,7,14,5,4
99000019,2010/3/5,22,35,38,21,3,15,4
99000018,2010/3/2,34,38,2,33,3,9,45
99000017,2010/2/26,22,6,47,32,5,34,1
99000016,2010/2/23,45,19,5,40,48,23,6
99000015,2010/2/19,27,43,14,30,12,37,36
99000014,2010/2/16,49,29,26,43,36,5,12
99000013,2010/2/12,32,1,23,40,14,31,35
99000012,2010/2/9,32,9,13,35,45,34,38
99000011,2010/2/5,36,1,19,5,33,14,16
99000010,2010/2/2,27,15,21,9,41,18,46
99000009,2010/1/29,34,18,16,49,29,44,8
99000008,2010/1/26,26,39,40,33,28,25,10
99000007,2010/1/22,3,23,24,31,32,46,47
99000006,2010/1/19,32,35,25,45,24,13,5
99000005,2010/1/15,47,4,49,7,26,41,3
99000004,2010/1/12,36,1,48,23,46,34,18
99000003,2010/1/8,1,43,21,45,19,8,30
99000002,2010/1/5,32,38,11,24,18,40,47
99000001,2010/1/1,22,20,23,2,16,27,46
98000104,2009/12/29,48,21,25,12,42,29,6
98000103,2009/12/25,9,22,42,12,47,30,27
98000102,2009/12/22,10,11,24,27,14,47,32
98000101,2009/12/18,16,32,45,43,3,42,6
98000100,2009/12/15,43,48,38,44,35,4,37
98000099,2009/12/11,36,12,48,20,29,15,31
98000098,2009/12/8,19,4,32,16,39,27,21
98000097,2009/12/4,13,2,3,22,19,39,21
98000096,2009/12/1,27,11,23,29,49,38,40
98000095,2009/11/27,5,19,15,26,6,1,14
98000094,2009/11/24,13,40,23,27,2,7,4
98000093,2009/11/20,31,13,26,15,5,20,35
98000092,2009/11/17,10,34,1,8,49,4,46
98000091,2009/11/13,47,33,13,32,38,25,26
98000090,2009/11/10,2,25,42,7,22,26,44
98000089,2009/11/6,46,45,10,1,2,44,22
98000088,2009/11/3,13,34,5,26,29,20,30
98000087,2009/10/30,37,8,4,20,39,12,30
98000086,2009/10/27,2,46,28,42,12,32,23
98000085,2009/10/23,6,34,19,18,21,5,10
98000084,2009/10/20,11,14,46,1,12,41,45
98000083,2009/10/16,43,15,30,13,20,29,1
98000082,2009/10/13,49,40,44,28,5,13,43
98000081,2009/10/9,14,10,33,17,41,40,12
98000080,2009/10/6,33,26,14,22,9,15,16
98000079,2009/10/2,9,25,15,30,35,28,22
98000078,2009/9/29,27,32,17,47,37,45,25
98000077,2009/9/25,9,37,13,1,33,16,4
98000076,2009/9/22,21,8,12,3,42,4,48
98000075,2009/9/18,38,2,8,9,4,26,23
98000074,2009/9/15,36,2,4,43,48,26,30
98000073,2009/9/11,33,48,16,18,31,10,7
98000072,2009/9/8,12,15,19,8,11,20,34
98000071,2009/9/4,40,5,49,31,28,36,20
98000070,2009/9/1,26,8,19,36,12,7,9
98000069,2009/8/28,39,23,45,44,12,48,47
98000068,2009/8/25,38,9,1,7,21,15,31
98000067,2009/8/21,42,32,37,11,13,43,20
98000066,2009/8/18,18,47,31,11,46,12,27
98000065,2009/8/14,39,8,4,26,15,49,34
98000064,2009/8/11,24,46,27,3,30,28,42
98000063,2009/8/7,26,2,31,15,1,49,43
98000062,2009/8/4,23,21,27,48,44,2,30
98000061,2009/7/31,7,4,10,9,24,42,41
98000060,2009/7/28,2,49,13,15,25,10,4
98000059,2009/7/24,40,1,7,22,47,3,15
98000058,2009/7/21,39,28,48,17,27,5,44
98000057,2009/7/17,11,13,38,16,9,42,6
98000056,2009/7/14,41,37,44,4,15,5,8
98000055,2009/7/10,8,46,3,21,30,26,11
98000054,2009/7/7,47,31,25,39,37,2,35
98000053,2009/7/3,40,41,19,47,17,32,37
98000052,2009/6/30,34,26,7,4,9,21,28
98000051,2009/6/26,38,6,12,43,45,33,49
98000050,2009/6/23,49,43,22,21,6,29,48
98000049,2009/6/19,40,23,2,12,42,19,9
98000048,2009/6/16,8,5,25,30,10,3,15
98000047,2009/6/12,44,43,12,41,32,13,21
98000046,2009/6/9,26,44,49,36,35,27,42
98000045,2009/6/5,6,27,44,42,49,23,15
98000044,2009/6/2,46,11,34,12,20,28,41
98000043,2009/5/29,45,36,21,29,34,30,49
98000042,2009/5/26,39,8,48,41,3,33,32
98000041,2009/5/22,18,1,32,2,40,16,15
98000040,2009/5/19,38,46,32,11,31,48,42
98000039,2009/5/15,7,18,5,15,45,14,11
98000038,2009/5/12,44,20,39,3,1,26,30
98000037,2009/5/8,3,22,19,24,31,15,5
98000036,2009/5/5,45,37,12,15,42,47,29
98000035,2009/5/1,5,38,21,43,3,26,32
98000034,2009/4/28,18,5,39,30,43,29,26
98000033,2009/4/24,24,20,49,42,13,21,43
98000032,2009/4/21,16,36,11,27,39,23,35
98000031,2009/4/17,24,38,21,18,22,16,34
98000030,2009/4/14,45,23,8,48,2,20,43
98000029,2009/4/10,25,36,40,44,8,9,17
98000028,2009/4/7,43,46,24,12,31,3,42
98000027,2009/4/3,36,33,44,6,42,45,48
98000026,2009/3/31,25,16,47,31,23,13,36
98000025,2009/3/27,1,28,18,34,40,2,25
98000024,2009/3/24,18,29,21,25,7,2,32
98000023,2009/3/20,31,18,7,11,2,9,5
98000022,2009/3/17,35,5,23,18,29,1,27
98000021,2009/3/13,47,24,46,45,32,9,33
98000020,2009/3/10,13,38,28,36,9,26,46
98000019,2009/3/6,13,26,31,32,21,6,30
98000018,2009/3/3,45,26,7,28,34,14,9
98000017,2009/2/27,34,17,26,19,36,13,2
98000016,2009/2/24,4,25,38,23,11,46,17
98000015,2009/2/20,1,40,13,49,34,24,37
98000014,2009/2/17,43,22,36,21,16,5,28
98000013,2009/2/13,3,24,2,42,45,7,10
98000012,2009/2/10,18,48,12,46,9,30,42
98000011,2009/2/6,10,32,7,21,27,4,37
98000010,2009/2/3,14,43,3,42,23,10,34
98000009,2009/1/30,10,5,41,39,2,23,48
98000008,2009/1/27,32,13,27,35,38,14,48
98000007,2009/1/23,10,28,11,40,38,21,29
98000006,2009/1/20,40,23,22,7,21,43,34
98000005,2009/1/16,8,40,24,26,33,25,13
98000004,2009/1/13,18,48,47,4,11,33,30
98000003,2009/1/9,37,30,45,27,4,15,19
98000002,2009/1/6,21,20,15,29,33,4,16
98000001,2009/1/2,26,38,6,2,35,23,11
97000105,2008/12/30,25,9,39,26,36,3,35
97000104,2008/12/26,40,18,37,8,33,15,32
97000103,2008/12/23,23,45,2,25,7,39,22
97000102,2008/12/19,10,30,15,38,45,3,41
97000101,2008/12/16,35,40,25,26,39,14,37
97000100,2008/12/12,34,28,42,39,2,36,24
97000099,2008/12/9,26,16,41,6,1,5,48
97000098,2008/12/5,2,8,44,40,3,31,45
97000097,2008/12/2,21,7,37,30,49,29,36
97000096,2008/11/28,5,1,17,7,16,41,20
97000095,2008/11/25,15,39,46,49,4,26,11
97000094,2008/11/21,37,17,16,30,28,21,9
97000093,2008/11/18,34,39,17,29,14,20,7
97000092,2008/11/14,36,7,23,43,35,15,8
97000091,2008/11/11,45,39,11,33,13,34,15
97000090,2008/11/7,33,25,40,15,30,46,18
97000089,2008/11/4,40,32,19,11,20,13,9
97000088,2008/10/31,9,1,47,11,19,3,40
97000087,2008/10/28,12,14,2,36,41,7,35
97000086,2008/10/24,49,14,6,9,5,8,3
97000085,2008/10/21,4,30,7,8,2,18,33
97000084,2008/10/17,5,36,28,11,15,19,46
97000083,2008/10/14,28,46,30,8,44,43,12
97000082,2008/10/10,13,24,14,41,20,47,6
97000081,2008/10/7,33,1,34,20,29,28,40
97000080,2008/10/3,18,41,48,19,37,45,9
97000079,2008/9/30,22,9,13,1,7,27,34
97000078,2008/9/26,42,30,15,41,29,36,39
97000077,2008/9/23,20,22,29,35,2,9,38
97000076,2008/9/19,23,2,13,48,28,35,18
97000075,2008/9/16,2,31,44,32,46,25,7
97000074,2008/9/12,34,37,16,9,18,1,12
97000073,2008/9/9,46,23,28,10,35,27,2
97000072,2008/9/5,2,32,33,22,14,3,24
97000071,2008/9/2,3,34,25,21,10,2,47
97000070,2008/8/29,28,24,2,25,26,46,49
97000069,2008/8/26,23,18,24,2,4,6,32
97000068,2008/8/22,4,37,8,26,31,5,10
97000067,2008/8/19,39,43,16,2,25,35,26
97000066,2008/8/15,23,8,24,43,14,44,4
97000065,2008/8/12,43,16,24,33,22,49,45
97000064,2008/8/8,35,16,8,33,49,20,24
97000063,2008/8/5,29,10,41,44,5,45,6
97000062,2008/8/1,37,38,7,22,18,11,30
97000061,2008/7/29,41,39,43,45,16,42,14
97000060,2008/7/25,19,25,29,7,43,35,1
97000059,2008/7/22,1,29,30,33,25,17,47
97000058,2008/7/18,38,9,4,15,6,20,27
97000057,2008/7/15,6,16,21,45,37,36,40
97000056,2008/7/11,34,7,21,23,22,36,11
97000055,2008/7/8,32,33,14,36,23,42,3
97000054,2008/7/4,21,10,43,49,6,17,33
97000053,2008/7/1,48,15,43,35,24,20,9
97000052,2008/6/27,41,38,2,9,10,1,31
97000051,2008/6/24,8,20,2,43,33,7,4
97000050,2008/6/20,24,28,3,39,20,21,23
97000049,2008/6/17,41,32,15,40,7,1,9
97000048,2008/6/13,8,39,31,20,7,21,6
97000047,2008/6/10,22,19,39,14,20,34,37
97000046,2008/6/6,22,31,20,42,1,40,38
97000045,2008/6/3,31,1,27,20,29,24,4
97000044,2008/5/30,42,12,8,20,32,11,30
97000043,2008/5/27,4,15,49,24,41,7,30
97000042,2008/5/23,11,37,44,29,2,10,13
97000041,2008/5/20,45,17,8,47,14,42,39
97000040,2008/5/16,22,7,26,3,21,40,41
97000039,2008/5/13,41,31,37,38,11,47,18
97000038,2008/5/9,15,43,36,23,48,17,21
97000037,2008/5/6,9,23,46,10,15,48,38
97000036,2008/5/2,14,45,13,33,11,39,41
97000035,2008/4/29,42,11,2,35,3,32,18
97000034,2008/4/25,45,15,48,20,47,4,34
97000033,2008/4/22,49,36,10,15,44,31,7
97000032,2008/4/18,35,43,13,38,4,25,30
97000031,2008/4/15,43,47,32,33,13,20,28
97000030,2008/4/11,25,23,6,42,28,5,43
97000029,2008/4/8,29,32,23,39,37,11,31
97000028,2008/4/4,28,23,44,38,13,30,26
97000027,2008/4/1,32,25,8,33,24,16,12
97000026,2008/3/28,19,26,8,9,1,12,49
97000025,2008/3/25,33,3,13,5,2,49,10
97000024,2008/3/21,11,49,27,32,34,14,28
97000023,2008/3/18,38,9,27,1,33,49,31
97000022,2008/3/14,44,34,21,30,3,49,13
97000021,2008/3/11,44,30,7,8,21,36,4
97000020,2008/3/7,28,40,41,25,12,42,29
97000019,2008/3/4,25,38,22,1,47,15,16
97000018,2008/2/29,7,1,9,10,18,27,43
97000017,2008/2/26,40,6,33,37,47,16,28
97000016,2008/2/22,43,30,12,7,3,1,22
97000015,2008/2/19,26,22,31,16,39,43,9
97000014,2008/2/15,31,1,42,41,46,22,36
97000013,2008/2/12,12,5,27,25,22,19,29
97000012,2008/2/8,7,15,3,6,1,27,39
97000011,2008/2/5,33,29,42,35,30,17,10
97000010,2008/2/1,2,6,20,38,1,18,29
97000009,2008/1/29,49,42,21,38,34,41,25
97000008,2008/1/25,20,1,15,24,4,40,32
97000007,2008/1/22,37,26,14,13,9,30,5
97000006,2008/1/18,6,18,36,25,8,26,13
97000005,2008/1/15,41,31,5,8,32,10,11
97000004,2008/1/11,27,8,37,3,49,7,48
97000003,2008/1/8,17,28,44,12,7,3,36
97000002,2008/1/4,13,5,40,31,29,39,33
97000001,2008/1/1,48,18,13,27,43,47,21
96000104,2007/12/28,12,18,10,22,16,29,30
96000103,2007/12/25,31,9,37,5,18,6,32
96000102,2007/12/21,20,28,15,22,19,44,42
96000101,2007/12/18,13,7,4,19,49,23,17
96000100,2007/12/14,34,1,17,27,26,39,13
96000099,2007/12/11,10,43,27,16,20,15,19
96000098,2007/12/7,8,17,28,32,34,10,42
96000097,2007/12/4,1,43,16,38,44,31,42
96000096,2007/11/30,15,8,19,45,16,30,44
96000095,2007/11/27,8,47,12,36,34,16,33
96000094,2007/11/23,43,46,1,49,23,22,33
96000093,2007/11/20,1,22,20,16,17,42,29
96000092,2007/11/16,16,39,42,20,46,22,38
96000091,2007/11/13,37,16,17,5,3,32,24
96000090,2007/11/9,24,12,6,1,2,18,25
96000089,2007/11/6,43,44,10,1,27,40,2
96000088,2007/11/2,48,10,4,44,28,45,39
96000087,2007/10/30,4,9,1,41,19,17,7
96000086,2007/10/26,36,21,13,3,11,16,26
96000085,2007/10/23,49,25,29,10,47,34,17
96000084,2007/10/19,36,15,28,17,46,22,24
96000083,2007/10/16,38,7,18,40,11,5,31
96000082,2007/10/12,9,28,26,37,20,23,44
96000081,2007/10/9,40,36,47,9,38,46,13
96000080,2007/10/5,19,48,26,29,10,3,18
96000079,2007/10/2,49,3,4,9,24,8,23
96000078,2007/9/28,16,19,8,30,9,17,45
96000077,2007/9/25,8,42,38,28,10,12,33
96000076,2007/9/21,39,16,24,35,31,1,21
96000075,2007/9/18,20,46,29,37,31,25,49
96000074,2007/9/14,45,22,27,15,2,48,32
96000073,2007/9/11,28,18,14,3,22,36,47
96000072,2007/9/7,22,5,49,32,42,3,28
96000071,2007/9/4,21,17,42,48,9,18,7
96000070,2007/8/31,35,31,23,44,40,41,21
96000069,2007/8/28,22,29,39,2,11,34,45
96000068,2007/8/24,47,4,25,7,12,6,9
96000067,2007/8/21,46,24,42,16,38,25,6
96000066,2007/8/17,43,35,31,2,12,47,40
96000065,2007/8/14,38,26,2,25,12,5,6
96000064,2007/8/10,35,11,40,29,22,27,48
96000063,2007/8/7,5,1,35,18,25,41,14
96000062,2007/8/3,2,15,12,40,27,38,35
96000061,2007/7/31,39,1,6,41,7,25,5
96000060,2007/7/27,21,39,13,42,46,32,36
96000059,2007/7/24,31,1,12,22,29,7,4
96000058,2007/7/20,10,5,2,23,25,19,11
96000057,2007/7/17,29,49,15,48,39,37,46
96000056,2007/7/13,10,34,35,13,5,18,15
96000055,2007/7/10,34,44,40,45,29,2,1
96000054,2007/7/6,36,23,48,12,9,44,26
96000053,2007/7/3,9,49,24,1,5,21,35
96000052,2007/6/29,9,26,29,44,23,28,31
96000051,2007/6/26,37,43,38,18,24,47,2
96000050,2007/6/22,13,35,42,39,32,41,1
96000049,2007/6/19,20,41,28,43,33,45,10
96000048,2007/6/15,17,46,36,34,28,11,26
96000047,2007/6/12,5,38,39,3,20,44,43
96000046,2007/6/8,46,26,28,2,1,11,16
96000045,2007/6/5,47,25,23,36,16,1,21
96000044,2007/6/1,11,43,34,25,7,8,16
96000043,2007/5/29,10,45,43,48,15,18,11
96000042,2007/5/25,13,25,11,36,2,34,38
96000041,2007/5/22,41,48,1,30,18,32,24
96000040,2007/5/18,41,27,43,11,12,46,36
96000039,2007/5/15,35,31,48,47,40,13,39
96000038,2007/5/11,29,26,10,13,47,21,49
96000037,2007/5/8,27,1,46,41,28,16,38
96000036,2007/5/4,6,38,40,22,44,34,15
96000035,2007/5/1,24,28,49,34,45,21,46
96000034,2007/4/27,42,32,10,38,9,29,37
96000033,2007/4/24,40,38,8,20,25,22,41
96000032,2007/4/20,49,9,15,44,19,16,37
96000031,2007/4/17,45,48,31,8,44,40,6
96000030,2007/4/13,23,31,15,5,33,28,49
96000029,2007/4/10,20,6,42,2,47,4,39
96000028,2007/4/6,18,22,37,34,35,10,41
96000027,2007/4/3,39,49,45,4,10,43,33
96000026,2007/3/30,14,45,46,40,33,31,49
96000025,2007/3/27,39,11,21,42,43,4,10
96000024,2007/3/23,19,32,17,20,5,6,18
96000023,2007/3/20,47,37,14,15,25,49,13
96000022,2007/3/16,35,43,28,49,36,38,47
96000021,2007/3/13,41,4,22,13,24,26,28
96000020,2007/3/9,21,14,23,31,20,12,45
96000019,2007/3/6,33,2,15,46,16,31,40
96000018,2007/3/2,15,39,49,32,12,24,6
96000017,2007/2/27,49,39,6,36,48,22,28
96000016,2007/2/23,13,39,48,25,5,30,36
96000015,2007/2/20,1,19,45,38,33,13,36
96000014,2007/2/16,34,48,44,19,27,18,37
96000013,2007/2/13,2,46,25,39,8,43,13
96000012,2007/2/9,45,7,28,41,48,30,44
96000011,2007/2/6,16,26,32,48,12,41,1
96000010,2007/2/2,48,10,12,7,8,47,38
96000009,2007/1/30,45,6,26,18,39,42,14
96000008,2007/1/26,36,34,8,26,18,13,17
96000007,2007/1/23,44,15,7,31,36,6,29
96000006,2007/1/19,46,45,44,26,6,27,2
96000005,2007/1/16,28,38,13,33,43,48,4
96000004,2007/1/12,26,31,33,10,28,16,44
96000003,2007/1/9,28,39,35,45,26,44,18
96000002,2007/1/5,19,44,42,48,23,12,33
96000001,2007/1/2,27,31,13,49,23,21,19
95000104,2006/12/28,1,4,7,8,25,31,33
95000103,2006/12/26,6,13,24,31,32,49,3
95000102,2006/12/21,16,32,42,45,46,49,3
95000101,2006/12/19,12,19,30,32,34,36,37
95000100,2006/12/14,2,4,8,27,33,48,14
95000099,2006/12/12,16,18,37,38,45,46,10
95000098,2006/12/7,5,27,28,30,35,42,37
95000097,2006/12/5,14,26,28,35,41,45,33
95000096,2006/11/30,3,6,7,14,16,43,17
95000095,2006/11/28,14,19,31,37,42,45,11
95000094,2006/11/23,1,23,34,37,43,45,9
95000093,2006/11/21,6,7,11,19,47,48,17
95000092,2006/11/16,2,17,28,29,38,49,16
95000091,2006/11/14,5,17,29,34,38,47,26
95000090,2006/11/9,12,14,20,22,37,40,23
95000089,2006/11/7,5,18,20,33,38,40,34
95000088,2006/11/2,6,30,34,45,46,48,29
95000087,2006/10/31,6,8,29,39,46,49,23
95000086,2006/10/26,5,7,11,19,36,42,23
95000085,2006/10/24,1,4,5,15,18,42,6
95000084,2006/10/19,9,10,12,25,33,38,5
95000083,2006/10/17,8,13,16,41,43,46,31
95000082,2006/10/12,9,17,23,26,30,41,19
95000081,2006/10/10,1,17,21,35,36,46,19
95000080,2006/10/5,7,15,20,32,36,44,3
95000079,2006/10/3,6,7,23,31,33,36,24
95000078,2006/9/28,8,19,30,33,37,43,22
95000077,2006/9/26,2,6,8,25,30,45,38
95000076,2006/9/21,6,13,20,21,33,40,26
95000075,2006/9/19,1,9,21,39,40,41,46
95000074,2006/9/14,1,10,37,39,43,44,35
95000073,2006/9/12,2,8,11,14,15,21,31
95000072,2006/9/7,11,12,15,28,43,48,37
95000071,2006/9/5,2,5,27,30,33,48,19
95000070,2006/8/31,5,6,25,33,38,49,47
95000069,2006/8/29,17,24,34,38,42,49,30
95000068,2006/8/24,10,11,14,17,21,45,19
95000067,2006/8/22,16,20,24,30,38,40,6
95000066,2006/8/17,18,23,25,28,35,36,16
95000065,2006/8/15,6,10,19,27,32,41,43
95000064,2006/8/10,3,9,16,40,43,48,42
95000063,2006/8/8,4,8,12,20,22,39,48
95000062,2006/8/3,3,20,21,42,44,46,25
95000061,2006/8/1,12,28,29,35,37,42,8
95000060,2006/7/27,4,36,37,42,45,46,1
95000059,2006/7/25,14,16,25,27,42,49,44
95000058,2006/7/20,7,30,37,41,43,49,10
95000057,2006/7/18,11,20,31,34,36,38,15
95000056,2006/7/13,6,16,24,34,42,43,23
95000055,2006/7/11,1,6,9,16,42,44,3
95000054,2006/7/6,14,23,24,41,44,47,10
95000053,2006/7/4,8,9,14,19,20,33,29
95000052,2006/6/29,11,15,17,21,23,31,9
95000051,2006/6/27,1,20,29,30,35,39,43
95000050,2006/6/22,1,18,31,39,41,47,44
95000049,2006/6/20,3,8,14,18,19,43,29
95000048,2006/6/15,1,25,35,37,44,46,43
95000047,2006/6/13,8,11,12,32,38,45,24
95000046,2006/6/8,3,4,15,23,26,47,12
95000045,2006/6/6,4,12,15,37,41,42,19
95000044,2006/6/1,4,11,34,35,45,48,24
95000043,2006/5/30,2,9,15,16,22,49,7
95000042,2006/5/26,1,15,20,37,47,48,38
95000041,2006/5/23,11,20,31,38,42,46,37
95000040,2006/5/18,1,23,28,46,47,49,6
95000039,2006/5/16,8,20,35,36,45,46,44
95000038,2006/5/11,2,12,19,26,34,46,38
95000037,2006/5/9,5,8,18,26,38,42,2
95000036,2006/5/4,2,3,19,26,27,41,7
95000035,2006/5/2,3,16,24,25,40,43,48
95000034,2006/4/27,9,12,30,33,42,49,4
95000033,2006/4/25,3,9,19,40,44,49,4
95000032,2006/4/20,9,13,15,27,34,42,2
95000031,2006/4/18,4,6,14,16,20,41,2
95000030,2006/4/13,1,23,25,37,39,45,21
95000029,2006/4/11,8,10,16,22,37,38,14
95000028,2006/4/6,5,23,36,38,40,42,1
95000027,2006/4/4,6,10,11,32,34,39,7
95000026,2006/3/30,12,17,26,31,35,48,40
95000025,2006/3/28,5,8,9,15,29,45,18
95000024,2006/3/23,7,23,28,29,38,46,14
95000023,2006/3/20,12,28,30,40,47,49,3
95000022,2006/3/16,3,9,18,42,45,46,5
95000021,2006/3/14,4,21,25,35,39,42,45
95000020,2006/3/9,6,13,15,17,18,22,3
95000019,2006/3/6,5,7,9,15,31,34,38
95000018,2006/3/2,5,8,24,31,32,39,4
95000017,2006/2/27,9,17,18,27,36,42,10
95000016,2006/2/23,7,12,16,17,19,33,39
95000015,2006/2/20,2,14,18,21,37,43,13
95000014,2006/2/16,5,6,18,23,26,29,16
95000013,2006/2/13,3,15,21,23,36,49,10
95000012,2006/2/9,12,21,34,37,38,39,27
95000011,2006/2/6,11,15,18,25,29,49,5
95000010,2006/2/2,2,8,12,20,26,33,13
95000009,2006/1/30,4,5,13,26,32,42,46
95000008,2006/1/26,10,29,30,32,43,47,35
95000007,2006/1/23,1,11,16,21,23,40,10
95000006,2006/1/19,3,11,18,20,21,26,24
95000005,2006/1/16,4,12,15,19,26,31,41
95000004,2006/1/12,7,11,22,24,28,30,35
95000003,2006/1/9,8,20,22,39,45,46,31
95000002,2006/1/5,18,23,26,38,39,48,45
95000001,2006/1/2,6,15,22,25,35,41,21
94000104,2005/12/29,6,7,10,13,31,39,18
94000103,2005/12/26,1,2,7,8,27,45,19
94000102,2005/12/22,12,22,24,26,27,47,40
94000101,2005/12/19,3,20,21,22,26,27,25
94000100,2005/12/15,7,16,32,39,45,49,30
94000099,2005/12/12,26,28,29,30,36,37,18
94000098,2005/12/8,13,18,26,28,35,48,42
94000097,2005/12/5,25,31,34,40,41,47,15
94000096,2005/12/1,7,30,38,39,40,43,13
94000095,2005/11/28,2,14,23,25,26,40,6
94000094,2005/11/24,9,11,30,41,47,49,4
94000093,2005/11/21,7,13,23,33,34,42,30
94000092,2005/11/17,2,3,4,17,27,39,15
94000091,2005/11/14,2,13,29,39,44,49,35
94000090,2005/11/10,4,7,19,30,36,46,48
94000089,2005/11/7,16,17,23,32,42,48,2
94000088,2005/11/3,6,8,17,19,30,47,23
94000087,2005/10/31,5,10,22,26,31,48,41
94000086,2005/10/27,6,8,23,26,28,36,37
94000085,2005/10/24,7,8,17,22,27,44,28
94000084,2005/10/20,11,13,14,21,42,47,22
94000083,2005/10/17,27,30,35,39,43,47,25
94000082,2005/10/13,3,11,26,43,46,48,5
94000081,2005/10/10,6,11,23,29,45,49,26
94000080,2005/10/6,2,8,24,28,31,48,15
94000079,2005/10/3,3,15,16,25,40,48,18
94000078,2005/9/29,1,8,19,23,38,40,5
94000077,2005/9/26,4,18,26,37,41,44,6
94000076,2005/9/22,2,11,35,37,48,49,5
94000075,2005/9/19,3,26,29,38,43,45,28
94000074,2005/9/15,4,15,23,41,44,45,46
94000073,2005/9/12,4,24,28,30,35,39,19
94000072,2005/9/8,3,10,11,36,37,45,29
94000071,2005/9/5,5,8,22,26,27,44,10
94000070,2005/9/1,6,12,20,43,47,48,41
94000069,2005/8/29,9,10,36,40,42,43,41
94000068,2005/8/25,2,4,6,21,25,46,28
94000067,2005/8/22,17,18,23,24,25,28,41
94000066,2005/8/18,3,8,11,36,38,49,19
94000065,2005/8/15,13,15,33,37,38,41,47
94000064,2005/8/11,9,20,22,31,45,46,3
94000063,2005/8/8,24,28,37,38,43,45,18
94000062,2005/8/4,9,20,26,29,40,41,21
94000061,2005/8/1,2,13,16,36,44,47,21
94000060,2005/7/28,9,14,24,27,37,41,12
94000059,2005/7/25,5,12,25,27,41,44,18
94000058,2005/7/21,11,22,26,28,33,37,42
94000057,2005/7/18,7,11,13,25,30,40,6
94000056,2005/7/14,3,22,31,43,46,47,14
94000055,2005/7/11,1,11,14,18,35,43,25
94000054,2005/7/7,6,12,21,27,36,48,18
94000053,2005/7/4,2,15,17,31,32,38,11
94000052,2005/6/30,2,4,5,9,35,45,48
94000051,2005/6/27,10,17,22,37,43,49,8
94000050,2005/6/23,4,10,18,34,40,43,3
94000049,2005/6/20,4,20,22,28,47,48,43
94000048,2005/6/16,8,12,16,25,28,45,49
94000047,2005/6/13,9,14,25,31,36,46,40
94000046,2005/6/9,4,6,13,22,30,44,5
94000045,2005/6/6,3,4,9,10,28,45,37
94000044,2005/6/2,4,15,21,30,41,46,48
94000043,2005/5/30,4,8,11,15,16,25,43
94000042,2005/5/26,3,9,16,18,41,48,22
94000041,2005/5/23,2,8,9,10,21,31,44
94000040,2005/5/19,2,4,14,24,27,46,28
94000039,2005/5/16,1,6,11,37,41,44,4
94000038,2005/5/12,15,28,29,31,32,47,18
94000037,2005/5/9,1,2,7,9,16,29,15
94000036,2005/5/5,5,14,18,34,44,47,10
94000035,2005/5/2,1,3,29,35,43,47,40
94000034,2005/4/28,4,5,15,20,29,39,34
94000033,2005/4/25,1,16,25,34,36,38,41
94000032,2005/4/21,4,5,22,33,36,43,26
94000031,2005/4/18,11,20,40,41,45,49,36
94000030,2005/4/14,18,20,25,36,48,49,21
94000029,2005/4/11,2,6,9,24,27,45,49
94000028,2005/4/7,5,15,23,29,31,44,17
94000027,2005/4/4,5,15,28,29,33,40,26
94000026,2005/3/31,20,22,28,38,41,47,25
94000025,2005/3/28,1,2,9,25,28,44,42
94000024,2005/3/24,7,10,23,44,45,47,38
94000023,2005/3/21,2,5,6,19,38,45,1
94000022,2005/3/17,7,10,12,22,30,34,8
94000021,2005/3/14,5,12,19,21,33,42,9
94000020,2005/3/10,1,3,16,31,42,48,23
94000019,2005/3/7,1,6,16,34,36,40,38
94000018,2005/3/3,25,28,31,32,34,36,43
94000017,2005/2/28,14,21,25,27,43,47,5
94000016,2005/2/24,2,4,36,41,42,48,34
94000015,2005/2/21,6,11,21,22,35,41,27
94000014,2005/2/17,12,14,21,23,25,30,3
94000013,2005/2/14,5,7,24,26,30,47,36
94000012,2005/2/10,19,26,28,33,38,46,48
94000011,2005/2/7,11,31,41,44,47,49,25
94000010,2005/2/3,7,8,19,30,43,48,49
94000009,2005/1/31,2,17,31,35,37,46,3
94000008,2005/1/27,3,25,39,44,45,48,13
94000007,2005/1/24,14,17,30,31,36,47,28
94000006,2005/1/20,1,23,26,27,33,41,18
94000005,2005/1/17,7,14,16,38,45,49,25
94000004,2005/1/13,1,2,15,21,31,35,33
94000003,2005/1/10,1,3,14,17,36,49,10
94000002,2005/1/6,6,23,39,45,46,47,18
94000001,2005/1/3,5,10,27,37,39,46,8
93000104,2004/12/30,3,18,33,34,43,49,2
93000103,2004/12/27,1,8,16,22,24,30,14
93000102,2004/12/23,3,5,18,23,40,45,41
93000101,2004/12/20,3,4,13,26,39,42,18
93000100,2004/12/16,2,12,18,22,34,36,8
93000099,2004/12/13,5,15,24,37,38,39,6
93000098,2004/12/9,16,28,35,44,46,48,26
93000097,2004/12/6,2,8,11,12,26,35,47
93000096,2004/12/2,5,16,23,28,38,47,49
93000095,2004/11/29,4,12,23,30,35,48,46
93000094,2004/11/25,3,4,9,10,27,31,26
93000093,2004/11/22,2,14,27,28,44,49,30
93000092,2004/11/18,7,11,20,38,39,45,30
93000091,2004/11/15,8,11,14,17,23,33,30
93000090,2004/11/11,9,12,17,28,40,43,13
93000089,2004/11/8,12,24,25,27,34,36,39
93000088,2004/11/4,23,26,31,33,36,38,21
93000087,2004/11/1,1,10,25,28,38,49,23
93000086,2004/10/28,10,12,13,24,31,40,47
93000085,2004/10/25,6,13,30,34,38,44,48
93000084,2004/10/21,3,10,20,21,24,48,26
93000083,2004/10/18,10,21,23,25,38,42,33
93000082,2004/10/14,4,23,36,39,45,47,25
93000081,2004/10/11,1,7,10,32,42,45,26
93000080,2004/10/7,3,6,19,22,31,32,5
93000079,2004/10/4,12,15,21,23,25,35,24
93000078,2004/9/30,7,13,15,20,22,47,19
93000077,2004/9/27,26,27,40,41,42,43,28
93000076,2004/9/23,1,15,16,33,35,48,10
93000075,2004/9/20,5,6,8,9,10,43,13
93000074,2004/9/16,7,19,26,37,38,46,29
93000073,2004/9/13,8,10,11,21,23,44,42
93000072,2004/9/9,7,13,14,20,21,49,34
93000071,2004/9/6,12,25,26,31,36,42,29
93000070,2004/9/2,9,16,18,32,41,47,46
93000069,2004/8/30,4,22,28,29,44,47,32
93000068,2004/8/26,14,31,34,37,42,48,29
93000067,2004/8/23,13,29,31,38,45,46,43
93000066,2004/8/19,10,22,31,32,41,48,24
93000065,2004/8/16,5,6,11,16,19,42,10
93000064,2004/8/12,11,16,27,33,34,40,7
93000063,2004/8/9,5,17,19,26,28,43,25
93000062,2004/8/5,13,14,21,24,27,30,20
93000061,2004/8/2,3,11,19,21,40,42,14
93000060,2004/7/29,20,31,33,40,42,46,30
93000059,2004/7/26,1,15,28,38,41,42,24
93000058,2004/7/22,11,15,24,27,37,46,1
93000057,2004/7/19,2,3,7,26,30,49,6
93000056,2004/7/15,2,5,32,38,42,49,44
93000055,2004/7/12,3,4,8,25,36,42,32
93000054,2004/7/8,4,5,7,13,24,30,49
93000053,2004/7/5,7,19,27,31,42,46,39
93000052,2004/7/1,6,10,11,16,29,44,37
93000051,2004/6/28,12,17,19,22,27,42,48
93000050,2004/6/24,11,17,29,36,44,49,33
93000049,2004/6/21,6,9,11,17,22,36,44
93000048,2004/6/17,5,11,30,34,44,48,40
93000047,2004/6/14,5,12,41,43,45,46,33
93000046,2004/6/10,2,10,16,22,30,33,41
93000045,2004/6/7,6,15,25,37,41,49,3
93000044,2004/6/3,1,4,31,32,34,35,33
93000043,2004/5/31,1,17,30,31,32,45,33
93000042,2004/5/27,6,22,27,34,42,44,36
93000041,2004/5/24,1,16,17,30,36,49,44
93000040,2004/5/20,6,28,30,34,43,46,9
93000039,2004/5/17,2,4,18,20,32,49,30
93000038,2004/5/14,4,10,11,14,32,36,9
93000037,2004/5/10,3,4,10,23,25,26,33
93000036,2004/5/6,6,27,40,44,45,47,11
93000035,2004/5/3,3,9,13,28,40,48,39
93000034,2004/4/29,1,10,13,33,34,46,7
93000033,2004/4/26,22,25,29,31,34,46,49
93000032,2004/4/22,3,11,19,20,22,28,13
93000031,2004/4/19,13,17,19,26,39,45,11
93000030,2004/4/15,13,14,20,30,37,45,1
93000029,2004/4/12,24,25,26,30,36,48,45
93000028,2004/4/8,5,14,26,38,41,43,4
93000027,2004/4/5,16,24,25,26,39,44,30
93000026,2004/4/1,3,7,42,45,46,49,8
93000025,2004/3/29,11,13,15,21,35,38,37
93000024,2004/3/25,11,17,21,36,43,49,5
93000023,2004/3/22,2,12,14,30,41,46,29
93000022,2004/3/18,6,16,20,25,33,46,12
93000021,2004/3/15,1,2,7,26,38,43,4
93000020,2004/3/11,8,14,21,22,30,31,48
93000019,2004/3/8,8,12,17,18,19,34,37
93000018,2004/3/4,12,15,22,23,41,48,17
93000017,2004/3/1,1,11,17,25,41,45,32
93000016,2004/2/26,8,12,23,24,45,46,36
93000015,2004/2/23,3,6,17,23,28,32,45
93000014,2004/2/19,4,21,25,32,37,43,2
93000013,2004/2/16,7,13,18,19,25,37,14
93000012,2004/2/12,1,2,26,31,39,40,38
93000011,2004/2/9,14,17,20,25,43,48,15
93000010,2004/2/5,17,22,26,29,37,43,31
93000009,2004/2/2,4,6,11,22,42,48,23
93000008,2004/1/29,22,29,34,36,44,46,37
93000007,2004/1/26,2,6,13,34,40,44,14
93000006,2004/1/22,13,28,29,32,33,34,43
93000005,2004/1/19,14,15,20,29,32,39,43
93000004,2004/1/15,18,19,28,29,30,34,12
93000003,2004/1/12,2,4,25,26,34,43,41
93000002,2004/1/8,30,47,27,31,16,21,35
93000001,2004/1/5,33,12,6,9,39,13,21
